,"Fabry Perot Initial fringes measurements, no amplifiers",,,,,,,,,,,,,,,,,,,,,,,,,,,,
fabry,Path Difference (microns),Errors (microns),Vmax,error in V max,V min,Errror in Vmin,,,,,,,,,,,,,,,,,,,,,,,
,0,5,4.762,91.62,3.968,56.11,,,,,,,,,,,,,,,,,,,,,,,
,200,5,5.234,215.6,3.615,181.2,,,,,,,,,,,,,,,,,,,,,,,
,400,5,5.222,179.1,3.607,130,,,,,,,,,,,,,,,,,,,,,,,
,600,5,5.032,174.4,3.611,170.6,,,,,,,,,,,,,,,,,,,,,,,
,700,5,5.686,63.71,2.952,107,,,,,,,,,,,,,,,,,,,,,,,
,800,5,6.155,342.2,2.369,200,,,,,,,,,,,,,,,,,,,,,,,
,900,5,7.222,35.25,1.44,29.07,,,,,,,,,,,,,,,,,,,,,,,
,1000,5,7.698,217.3,1.012,107.5,,,,,,,,,,,,,,,,,,,,,,,
,1100,5,7.841,100.2,0.7022,85.77,,,,,,,,,,,,,,,,,,,,,,,
,1200,5,7.726,39.88,0.853,46.59,,,,,,,,,,,,,,,,,,,,,,,
,1300,5,7.54,217.5,1.131,232.2,,,,,,,,,,,,,,,,,,,,,,,
,1400,5,6.869,78.4,1.798,72.24,,,,,,,,,,,,,,,,,,,,,,,
,1500,5,6.393,116.3,2.282,106.5,,,,,,,,,,,,,,,,,,,,,,,
,1600,5,6.012,177,2.666,149,,,,,,,,,,,,,,,,,,,,,,,
,1700,5,5.881,128.5,3.044,151.2,,,,,,,,,,,,,,,,,,,,,,,
,1800,5,5.772,167.9,3.357,124.7,,,,,,,,,,,,,,,,,,,,,,,
,1900,5,5.214,236.2,3.575,226.6,,,,,,,,,,,,,,,,,,,,,,,
,2000,5,4.936,281,3.817,155.1,,,,,,,,,,,,,,,,,,,,,,,
,2100,5,5.206,277.6,3.948,124.2,,,,,,,,,,,,,,,,,,,,,,,
,2200,5,5.492,131,3.762,86.92,,,,,,,,,,,,,,,,,,,,,,,
,2300,5,5.567,260.7,3.73,163,,,,,,,,,,,,,,,,,,,,,,,
,2400,5,5.686,238.7,3.567,167.2,,,,,"Fabry (fixing I2, changing I1, both started at 0,0)",,,took on 21st Mon,,"More measurements for fabry Perot, no amplification",,,,,,,,,,,,,
,2500,5,6.008,227.5,3.528,119.3,,,,,,,,,,,,,,,,,,,,,,,
,,,,,,,,,,,Path Difference,Vmax,Error,Vmin,Error,,,,,,Path Difference,Vmax,Error,Vmin,Error,,,,
,0,0.09095074456,,fabry,,,,,,,0,5.869,271,3.712,381,0.2251330759,,0,0.2251330759,,,,,,,,,,
,200,0.1829585264,,,,,,,,,200,5.808,221,3.853,339,0.2023600041,,200,0.2023600041,,,,,,,,,,
,400,0.182919923,,,,,,,,,400,5.737,296,4.093,250,0.1672431333,,400,0.1672431333,,400,2.73,59.82,1.873,74.61,0.1861829242,,400,0.1861829242
,600,0.1644105056,,,,,,,,,600,6.597,356,3.234,257,0.3420811718,,600,0.3420811718,,600,6.597,356,3.234,257,0.3420811718,,600,0.3420811718
,700,0.316508451,,,,,,,,,800,8.102,182,1.681,111,0.6563426352,,800,0.6563426352,,800,8.102,182,1.681,111,0.6563426352,,800,0.6563426352
,800,0.4441576725,,,,,,,,,1000,9.176,69,0.6165,34,0.8740873117,,1000,0.8740873117,,1000,9.176,69,0.6165,34,0.8740873117,,1000,0.8740873117
,900,0.6675132764,,,,,,,,,1200,8.805,73,1.071,41,0.7831105711,,1200,0.7831105711,,1200,8.805,73,1.071,41,0.7831105711,,1200,0.7831105711
,1000,0.7676234214,,,,,,,,,1400,7.358,277,2.403,170,0.5076324147,,1400,0.5076324147,,1400,7.358,277,2.403,170,0.5076324147,,1400,0.5076324147
,1100,0.8356119487,,,,,,,,,1600,6.462,439,3.809,345,0.2583000682,,1600,0.2583000682,,1600,6.462,439,3.809,345,0.2583000682,,1600,0.2583000682
,1200,0.8011423243,,,,,,,,,1800,6,327,3.69,175,0.2477831006,,1800,0.2477831006,,1800,6,327,3.69,175,0.2477831006,,1800,0.2477831006
,1300,0.7391304348,,,,,,,,,2000,5.825,71,3.92,164.5,0.195484864,,2000,0.195484864,,2000,5.825,71,3.92,164.5,0.195484864,,2000,0.195484864
,1400,0.585092881,,,,,,,,,2200,5.775,192,3.95,245,0.1876606684,,2200,0.1876606684,,2200,5.775,192,3.95,245,0.1876606684,,2200,0.1876606684
,1500,0.4738904899,,,,,,,,,2400,5.681,272,3.988,277,0.1750956666,,2400,0.1750956666,,2400,5.681,272,3.988,277,0.1750956666,,2400,0.1750956666
,1600,0.3855727126,,,,,,,,,2600,6.024,429,3.801,322,0.226259542,,2600,0.226259542,,2600,6.024,429,3.801,322,0.226259542,,2600,0.226259542
,1700,0.3178711485,,,,,,,,,2800,7.46,194,2.331,140,0.5238484322,,2800,0.5238484322,,2800,7.46,194,2.331,140,0.5238484322,,2800,0.5238484322
,1800,0.2645415708,,,,,,,,,3000,8.884,114,0.8816,54,0.8194478578,,3000,0.8194478578,,3000,8.884,114,0.8816,54,0.8194478578,,3000,0.8194478578
,1900,0.1864831039,,,,,,,,,3200,8.931,143,0.8728,35,0.8219465921,,3200,0.8219465921,,3200,8.931,143,0.8728,35,0.8219465921,,3200,0.8219465921
,2000,0.1278418828,,,,,,,,,3400,7.817,240,1.984,147,0.5951433527,,3400,0.5951433527,,3400,7.817,240,1.984,147,0.5951433527,,3400,0.5951433527
,2100,0.1374262617,,,,,,,,,3600,6.455,341,3.324,243,0.3201758871,,3600,0.3201758871,,3600,6.455,341,3.324,243,0.3201758871,,3600,0.3201758871
,2200,0.1869461854,,,,,,,,,3800,6.329,227,3.581,201,0.2772956609,,3800,0.2772956609,,3800,6.329,227,3.581,201,0.2772956609,,3800,0.2772956609
,2300,0.1975906206,,,,,,,,,4000,5.942,150,3.77,164,0.2236408567,,4000,0.2236408567,,4000,5.942,150,3.77,164,0.2236408567,,4000,0.2236408567
,2400,0.2290068086,,,,,,,,,4200,6.032,144,3.78,254,0.2295148797,,4200,0.2295148797,,4200,6.032,144,3.78,254,0.2295148797,,4200,0.2295148797
,2500,0.2600671141,,,,,,,,,4400,5.567,135,4.217,85,0.1379803761,,4400,0.1379803761,,4400,5.567,135,4.217,85,0.1379803761,,4400,0.1379803761
,,,,,,,,,,,4600,5.582,481,4.14,290,0.1483233902,,4600,0.1483233902,,4600,5.582,481,4.14,290,0.1483233902,,4600,0.1483233902
,,,,,,,,,,,4800,6.694,254,2.788,150,0.4119384096,,4800,0.4119384096,,4800,6.694,254,2.788,150,0.4119384096,,4800,0.4119384096
,,,,,,,,,,,5000,8.651,110,1.265,45,0.7448567971,,5000,0.7448567971,,5000,8.651,110,1.265,45,0.7448567971,,5000,0.7448567971
,,,,,,,,,,,5200,8.986,84,0.7229,25.66,0.8510850869,,5200,0.8510850869,,5200,8.986,84,0.7229,25.66,0.8510850869,,5200,0.8510850869
,,,,,,,,,,,5400,8.055,94,1.714,55,0.6490940731,,5400,0.6490940731,,,,,,,,,,
,,,,,,,,,,,5600,6.597,316,3.145,268,0.3543420242,,5600,0.3543420242,,,,,,,,,,
,,,,,,,,,,,5800,6.051,333,3.71,250,0.2398319844,,5800,0.2398319844,,,,,,,,,,
,,,,,,,,,,,6000,6.171,219,3.591,145,0.2642901045,,6000,0.2642901045,,,,,,,,,,
,,,,,,,,,,,6200,5.853,118,3.789,264,0.2140634723,,6200,0.2140634723,,,,,,,,,,
,,,,,,,,,,,6400,5.694,169,3.998,258,0.1749896822,,6400,0.1749896822,,,,,,,,,,
,,,,,,,,,,,6600,5.526,212,4.226,179,0.1333059885,,6600,0.1333059885,,,,,,,,,,
,,,,,,,,,,,6800,6.428,294,2.936,207,0.3729175566,,6800,0.3729175566,,,,,,,,,,
,sld,,,,,,,,,,7000,7.926,161,1.984,70,0.5995963673,,7000,0.5995963673,,,,,,,,,,
,,,,,,,,,,,7200,8.973,137,0.7687,48,0.8421836025,,7200,0.8421836025,,,,,,,,,,
,,,,,,,,,,,7400,8.469,107,1.265,19,0.7400862955,,7400,0.7400862955,,,,,,,,,,
,Path Difference (microns),Errors,Vmax,error in V max,V min,Errror in Vmin,S(delta),,,,7600,7.154,376,2.653,278,0.4589578872,,7600,0.4589578872,,,,,,,,,,
,17000,,3.123,27.61,2.976,18.65,0.02410231185,,,,7800,6.071,306,3.641,256,0.2502059308,,7800,0.2502059308,,,,,,,,,,
,17050,,3.101,14.53,2.982,14.52,0.01956271577,,,,8000,6.243,171,3.492,50,0.2825885978,,8000,0.2825885978,,,,,,,,,,
,17100,,3.095,16,2.988,18.65,0.01759000493,,,,8200,5.794,170,3.809,95,0.2067062376,,8200,0.2067062376,,,,,,,,,,
,17150,,3.135,0,2.944,14.53,0.03141964139,,,,8400,5.674,225,3.998,278,0.1732837055,,8400,0.1732837055,,,,,,,,,,
,17200,,3.135,0,2.936,0,0.03277878438,,,,8600,5.535,118,3.998,133,0.1612294136,,8600,0.1612294136,,,,,,,,,,
,17250,,3.123,17.63,2.976,0,0.02410231185,,,,8800,5.992,347,3.7,287,0.2364836979,,8800,0.2364836979,,,,,,,,,,
,17300,,3.135,12.21,2.981,12.21,0.02517985612,,,,9000,7.381,137,2.279,119,0.5281573499,,9000,0.5281573499,,,,,,,,,,
,17350,,3.095,0,3.016,14.28,0.01292750777,,,,9200,8.646,77,1.036,44,0.7859946292,,9200,0.7859946292,,,,,,,,,,
,17400,,3.202,19.41,2.897,0,0.05000819807,,,,9400,8.661,123,1.032,41,0.7870628288,,9400,0.7870628288,,,,,,,,,,
,17450,,3.119,19.41,2.976,0,0.02346185398,,,,9600,7.579,84,2.163,101,0.5559433381,,9600,0.5559433381,,,,,,,,,,
,17500,,3.099,12.21,2.992,18.65,0.01756690199,,,,9800,6.331,291,3.36,272,0.3065731091,,,,,,,,,,,,,
,17550,,3.095,0,3.002,19.41,0.01525340331,,,,10000,6.26,116,3.393,118,0.2970061121,,,,,,,,,,,,,
,17600,,3.282,21.66,2.807,16.28,0.07800952537,,,,10200,,,,,#DIV/0!,,,,,,,,,,,,,
,17630,,4.794,121.5,1.184,99.29,0.6038808966,,,,10400,,,,,#DIV/0!,,,,,,,,,,,,,
,17640,,5.543,35.42,0.4682,59.13,0.844224115,,,,10600,,,,,,,,,,,,,,,,,,
,17650,,5.738,40.7,0.2579,32.58,0.9139745493,,,,10800,,,,,,,,,,LI FP PD,LI FP C(d),V_max,V_min,,,,,
,17660,,5.547,0,0.554,0,0.8183904278,,,,11000,,,,,,,,,,0,0.2251331,5.869,3.712,,,,,
,17670,,4.794,54.61,1.27,0,0.5811345646,,,,,,,,,,,,,,100,0.2137465,5.8385,3.7825,,,,,
,17700,,3.329,0,2.698,14.2,0.1046955368,,,,,,,,,,,,,,200,0.20236,5.808,3.853,,,,,
,17750,,3.095,0,2.948,20.07,0.02432566606,,,,,,,,,,,,,,300,0.1848016,5.7725,3.973,,,,,
,17800,,3.095,0,3.004,32.56,0.01492047877,,,,,,,,,,,,,,400,0.1672431,5.737,4.093,,,,,
,17850,,3.095,0,2.964,37.31,0.02162072949,,,,,,,,,,,,,,500,0.2546622,6.167,3.6635,,,,,
,17900,,3.095,0,2.936,0,0.0263637871,,,,,,,,,,,,,,600,0.3420812,6.597,3.234,,,,,
,17950,,3.095,0,3,29.07,0.01558654635,,,,,,,,,,,,,,700,0.4992119,7.3495,2.4575,,,,,
,18000,,3.095,0,2.936,0,0.0263637871,,,,,,,,,,,,,,800,0.6563426,8.102,1.681,,,,,
,18050,,3.175,0,2.857,0,0.05271883289,,,,,,,,,,,,,,900,0.765215,8.639,1.14875,,,,,
,18100,,3.095,0,2.94,17.74,0.02568351284,,,,,,,,,,,,,,1000,0.8740873,9.176,0.6165,,,,,
,18150,,3.095,0,2.948,29.07,0.02432566606,,,,,,,,,,,,,,1100,0.8285989,8.9905,0.84375,,,,,
,18200,,3.095,0,2.936,11.2,0.0263637871,,,,,,,,,,,,,,1200,0.7831106,8.805,1.071,,,,,
,,,,,,,,,,,,,,,,,,,,,1300,0.6453715,8.0815,1.737,,,,,
,,,,,,,,,,,,,,,,,,,,,1400,0.5076324,7.358,2.403,,,,,
,0,0.02410231185,,,,,,,,,,,,,,,,,,,1500,0.3829662,6.91,3.106,,,,,
,50,0.01956271577,,,,,,,,,,,,,,,,,,,1600,0.2583001,6.462,3.809,,,,,
,100,0.01759000493,,,,,,,,,,,,,,,,,,,1700,0.2530416,6.231,3.7495,,,,,
,150,0.03141964139,,,,,,,,,,,,,,,,,,,1800,0.2477831,6,3.69,,,,,
,200,0.03277878438,,,,,,,,,,,,,,,,,,,1900,0.221634,5.9125,3.805,,,,,
,250,0.02410231185,,,,,,,,,,,,,,,,,,,2000,0.1954849,5.825,3.92,,,,,
,300,0.02517985612,,,,,,,,,,,,,,,,,,,2100,0.1915728,5.8,3.935,,,,,
,350,0.01292750777,,,,,,,,,,,,,,,,,,,2200,0.1876607,5.775,3.95,,,,,
,400,0.05000819807,,,,,,,,,,,,,,,,,,,2300,0.1813782,5.728,3.969,,,,,
,450,0.02346185398,,,,,,,,,,,,,,,,,,,2400,0.1750957,5.681,3.988,,,,,
,500,0.01756690199,,,,,,,,,,,,,,,,,,,2500,0.2006776,5.8525,3.8945,,,,,
,550,0.01525340331,,,,,,,,,,,,,,,,,,,2600,0.2262595,6.024,3.801,,,,,
,600,0.07800952537,,,,,,,,,,,,,,,,,,,2700,0.375054,6.742,3.066,,,,,
,630,0.6038808966,,,,,,,,,,,,,,,,,,,2800,0.5238484,7.46,2.331,,,,,
,640,0.844224115,,,,,,,,,,,,,,,,,,,2900,0.6716481,8.172,1.6063,,,,,
,650,0.9139745493,,,,,,,,,,,,,,,,,,,3000,0.8194479,8.884,0.8816,,,,,
,660,0.8183904278,,,,,,,,,,,,,,,,,,,3100,0.8206972,8.9075,0.8772,,,,,
,670,0.5811345646,,,,,,,,,,,,,,,,,,,3200,0.8219466,8.931,0.8728,,,,,
,700,0.1046955368,,,,,,,,,,,,,,,,,,,3300,0.708545,8.374,1.4284,,,,,
,750,0.02432566606,,,,,,,,,,,,,,,,,,,3400,0.5951434,7.817,1.984,,,,,
,800,0.01492047877,,,,,,,,,,,,,,,,,,,3500,0.4576596,7.136,2.654,,,,,
,850,0.02162072949,,,,,,,,,,,,,,,,,,,3600,0.3201759,6.455,3.324,,,,,
,900,0.0263637871,,,,,,,,,,,,"Same graph as above, just linearly interpolated to get more points.",,,,,,,3700,0.2987358,6.392,3.4525,,,,,
,950,0.01558654635,,,,,,,,,,,,,,,,,,,3800,0.2772957,6.329,3.581,,,,,
,1000,0.0263637871,,,,,,,,,,,,,,,,,,,3900,0.2504683,6.1355,3.6755,,,,,
,1050,0.05271883289,,,,,,,,,,,,,,,,,,,4000,0.2236409,5.942,3.77,,,,,
,1100,0.02568351284,,,,,,,,,,,,,,,,,,,4100,0.2265779,5.987,3.775,,,,,
,1150,0.02432566606,,,,,,,,,,,,,,,,,,,4200,0.2295149,6.032,3.78,,,,,
,1200,0.0263637871,,,,,,,,,,,,,,,,,,,4300,0.1837476,5.7995,3.9985,,,,,
,,,,,,,,,,,,,,,,,,,,,4400,0.1379804,5.567,4.217,,,,,
,200mA,,,FP,,,,,,,,,,,,,,,,,4500,0.1431519,5.5745,4.1785,,,,,
,"40mV minimum, when both lights are blocked",,,New value,Error,,,,,,,,,,,,,,,,4600,0.1483234,5.582,4.14,,,,,
,3.28V,for I_1 (the one above),,3.372,10.08,,,,,,,,,,,,,,,,4700,0.2801309,6.138,3.464,,,,,
,1.60V,for I_2 (the one below),,1.599,3.765,,,,Error calculations for SLD,,,,,,,,,,,,4800,0.4119384,6.694,2.788,,,,,
SLD (took on 22nd Oct),,,,,,,,,,,,,,,,,,,,,4900,0.5783976,7.6725,2.0265,,,,,
,Path Difference (microns),Vmax,error in V max,V min,Errror in Vmin,C(∂),,,Path Difference,Contrast,Errors,#VALUE!,,,,,,,,,5000,0.7448568,8.651,1.265,,,,,
,15000,3.73,0,3.492,0,0.03295486015,0.03295486015,,15000,0.03295486,0.00174218,,,,,,,,,,5100,0.7979709,8.8185,0.99395,,,,,
,15050,0,,,,#DIV/0!,0,,15050,0,0,,SQRT(((J2^2*(((E2^2+H2^2)/(C2+F2)^2)+(H2^2+E2^2)/(C2-F2)^2)))),,,,,,,,5200,0.8510851,8.986,0.7229,,,,,
,15100,0,,,,#DIV/0!,0,,15100,0,0,,Vmax,Error,Error in V,Vmin,Error,,,Contrast,Contrast Errors,0.7500896,8.5205,1.21845,,,,,
,15150,0,,,,#DIV/0!,0,,15150,0,0,,,,,,,,,,5400,0.6490941,8.055,1.714,,,,,
,15200,0,,,,#DIV/0!,0,,15200,0,0,,,,,,,,,,5500,0.501718,7.326,2.4295,,,,,
,15250,3.73,12.21,3.492,0,0.03295486015,0.03295486015,,15250,0.03295486,0.00169159,,,,,,,,,,5600,0.354342,6.597,3.145,,,,,
,15300,,,,,#DIV/0!,0,,15300,0,0,,,,,,,,,,5700,0.297087,6.324,3.4275,,,,,
,15350,,,,,#DIV/0!,0,,15350,0,0,,,,,,,,,,5800,0.239832,6.051,3.71,,,,,
,15400,,,,,#DIV/0!,0,,15400,0,0,,,,,,,,,,5900,0.252061,6.111,3.6505,,,,,
,15450,,,,,#DIV/0!,0,,15450,0,0,,,,,,,,,,6000,0.2642901,6.171,3.591,,,,,
,15500,,,,,#DIV/0!,0,,15500,0,0,,,,,,,,,,6100,0.2391768,6.012,3.69,,,,,
,15550,,,,,#DIV/0!,0,,15550,0,0,,,,,,,,,,6200,0.2140635,5.853,3.789,,,,,
,15600,,,,,#DIV/0!,0,,15600,0,0,,,,,,,,,,6300,0.1945266,5.7735,3.8935,,,,,
,15650,,,,,#DIV/0!,0,,15650,0,0,,,,,,,,,,6400,0.1749897,5.694,3.998,,,,,
,15700,,,,,#DIV/0!,0,,15700,0,0,,,,,,,,,,6500,0.1541478,5.61,4.112,,,,,
,15750,,,,,#DIV/0!,0,,15750,0,0,,,,,,,,,,6600,0.133306,5.526,4.226,,,,,
,15800,,,,,#DIV/0!,0,,15800,0,0,,,,,,,,,,6700,0.2531118,5.977,3.581,,,,,
,15850,,,,,#DIV/0!,0,,15850,0,0,,,,,,,,,,6800,0.3729176,6.428,2.936,,,,,
,15900,3.928,19,3.518,9,0.05506312114,0.05506312114,,15900,0.05506312,0.00282778,,,,,,,,,,6900,0.486257,7.177,2.46,,,,,
,15950,,,,,#DIV/0!,0,,15950,0,0,,,,,,,,,,7000,0.5995964,7.926,1.984,,,,,
,16000,,,,,#DIV/0!,0,,16000,0,0,,,,,,,,,,7100,0.72089,8.4495,1.37635,,,,,
,16050,,,,,#DIV/0!,0,,16050,0,0,,,,,,,,,,7200,0.8421836,8.973,0.7687,,,,,
,16100,3.889,8,3.571,0,0.04262734584,0.04262734584,,16100,0.04262735,0.00151796,,,,,,,,,,7300,0.7911349,8.721,1.01685,,,,,
,16150,,,,,#DIV/0!,0,,16150,0,0,,,,,,,,,,7400,0.7400863,8.469,1.265,,,,,
,16200,,,,,#DIV/0!,0,,16200,0,0,,,,,,,,,,7500,0.5995221,7.8115,1.959,,,,,
,16250,,,,,#DIV/0!,0,,16250,0,0,,,,,,,,,,7600,0.4589579,7.154,2.653,,,,,
,16300,,,,,#DIV/0!,0,,16300,0,0,,,,,,,,,,7700,0.3545819,6.6125,3.147,,,,,
,16350,3.849,8,3.611,9,0.03190348525,0.03190348525,,16350,0.03190349,0.00161498,,,,,,,,,,7800,0.2502059,6.071,3.641,,,,,
,16400,,,,,#DIV/0!,0,,16400,0,0,,,,,,,,,,7900,0.2663973,6.157,3.5665,,,,,
,16450,,,,,#DIV/0!,0,,16450,0,0,,,,,,,,,,8000,0.2825886,6.243,3.492,,,,,
,16500,,,,,#DIV/0!,0,,16500,0,0,,,,,,,,,,8100,0.2446474,6.0185,3.6505,,,,,
,16550,3.849,8,3.611,9,0.03190348525,0.03190348525,,16550,0.03190349,0.00161498,,,,,,,,,,8200,0.2067062,5.794,3.809,,,,,
,16600,,,,,#DIV/0!,0,,16600,0,0,,,,,,,,,,8300,0.189995,5.734,3.9035,,,,,
,16650,,,,,#DIV/0!,0,,16650,0,0,,,,,,,,,,8400,0.1732837,5.674,3.998,,,,,
,16700,,,,,#DIV/0!,0,,16700,0,0,,,,,,,,,,8500,0.1672566,5.6045,3.998,,,,,
,16750,3.968,0,3.452,0,0.06954177898,0.06954177898,,16750,0.06954178,0.0017195,,,,,,,,,,8600,0.1612294,5.535,3.998,,,,,
,16800,4.008,20,3.413,20,0.0801778736,0.0801778736,,16800,0.08017787,0.00382361,,,,,,,,,,8700,0.1988566,5.7635,3.849,,,,,
,16850,,,,,#DIV/0!,0,,16850,0,0,,,,,,,,,,8800,0.2364837,5.992,3.7,,,,,
,16900,,,,,#DIV/0!,0,,16900,0,0,,,,,,,,,,8900,0.3823205,6.6865,2.9895,,,,,
,16950,,,,,#DIV/0!,0,,16950,0,0,,,,,,,,,,9000,0.5281573,7.381,2.279,,,,,
,17000,,,,,#DIV/0!,0,,17000,0,0,,,,,,,,,,9100,0.657076,8.0135,1.6575,,,,,
,17050,,,,,#DIV/0!,0,,17050,0,0,,,,,,,,,,9200,0.7859946,8.646,1.036,,,,,
,17100,,,,,#DIV/0!,0,,17100,0,0,,,,,,,,,,9300,0.7865287,8.6535,1.034,,,,,
,17150,,,,,#DIV/0!,0,,17150,0,0,,,,,,,,,,9400,0.7870628,8.661,1.032,,,,,
,17200,3.887,8,3.571,8,0.04237060874,0.04237060874,,17200,0.04237061,0.00151835,,,,,,,,,,9500,0.6715031,8.12,1.5975,,,,,
,17250,,,,,#DIV/0!,0,,17250,0,0,,,,,,,,,,9600,0.5559433,7.579,2.163,,,,,
,17300,,,,,#DIV/0!,0,,17300,0,0,,,,,,,,,,9700,0.4312582,6.955,2.7615,,,,,
,17350,,,,,#DIV/0!,0,,17350,0,0,,,,,,,,,,9800,0.3065731,6.331,3.36,,,,,
,17400,,,,,#DIV/0!,0,,17400,0,0,,,,,,,,,,9900,0.3017896,6.2955,3.3765,,,,,
,17450,,,,,#DIV/0!,0,,17450,0,0,,,,,,,,,,10000,0.2970061,6.26,3.393,,,,,
,17500,,,,,#DIV/0!,0,,17500,0,0,,,,,,,,,,,,,,,,,,
,17550,,,,,#DIV/0!,0,,17550,0,0,,,,,,,,,,,,,,,,,,
,17600,,,,,#DIV/0!,0,,17600,0,0,,,,,,,,,,,,,,,,,,
,17650,6.428,29,1.032,29,0.7233243968,0.7233243968,,17650,0.7233244,0.00678504,,,,,,,,,,,,,,,,,,
,17700,5.317,32,2.143,37,0.4254691689,0.4254691689,,17700,0.42546917,0.00712626,,,,,,,,,,,,,,,,,,
,17750,3.815,20,3.611,18,0.02747104767,0.02747104767,,17750,0.02747105,0.00362475,,,,,,,,,,,,,,,,,,
,17800,,,,,#DIV/0!,0,,17800,0,0,,,,,,,,,,,,,,,,,,
,17850,,,,,#DIV/0!,0,,17850,0,0,,,,,,,,,,,,,,,,,,
,17900,,,,,#DIV/0!,0,,17900,0,0,,,,,,,,,,,,,,,,,,
,17950,,,,,#DIV/0!,0,,17950,0,0,,,,,,,,,,,,,,,,,,
,18000,,,,,#DIV/0!,0,,18000,0,0,,,,,,,,,,,,,,,,,,
,18050,,,,,#DIV/0!,0,,18050,0,0,,,,,,,,,,,,,,,,,,
,18100,3.928,8,3.492,9,0.05876010782,0.05876010782,,18100,0.05876011,0.00162566,,,,,,,,,,,,,,,,,,
,18150,,,,,#DIV/0!,0,,18150,0,0,,,,,,,,,,,,,,,,,,
,18200,,,,,#DIV/0!,0,,18200,0,0,,,,,,,,,,,,,,,,,,
,18250,,,,,#DIV/0!,0,,18250,0,0,,,,,,,,,,,,,,,,,,
,18300,,,,,#DIV/0!,0,,18300,0,0,,,,,,,,,,,,,,,,,,
,18350,,,,,#DIV/0!,0,,18350,0,0,,,,,,,,,,,,,,,,,,
,18400,,,,,#DIV/0!,0,,18400,0,0,,,,,,,,,,,,,,,,,,
,18450,,,,,#DIV/0!,0,,18450,0,0,,,,,,,,,,,,,,,,,,
,18500,,,,,#DIV/0!,0,,18500,0,0,,,,,,,,,,,,,,,,,,
,18550,,,,,#DIV/0!,0,,18550,0,0,,,,,,,,,,,,,,,,,,
,18600,3.786,19,3.623,20,0.02200026994,0.02200026994,,18600,0.02200027,0.00372424,,,,,,,,,,,,,,,,,,
,18650,,,,,#DIV/0!,0,,18650,0,0,,,,,,,,,,,,,,,,,,
,18700,,,,,#DIV/0!,0,,18700,0,0,,,,,,,,,,,,,,,,,,
,18750,,,,,#DIV/0!,0,,18750,0,0,,,,,,,,,,,,,,,,,,
,18800,,,,,#DIV/0!,0,,18800,0,0,,,,,,,,,,,,,,,,,,
,18850,,,,,#DIV/0!,0,,18850,0,0,,,,,,,,,,,,,,,,,,
,18900,,,,,#DIV/0!,0,,18900,0,0,,,,,,,,,,,,,,,,,,
,18950,3.917,20,3.532,12,0.0516847899,0.0516847899,,18950,0.05168479,0.00313531,,,,,,,,,,,,,,,,,,
,19000,,,,,#DIV/0!,0,,19000,0,0,,,,,,,,,,,,,,,,,,
,19050,,,,,#DIV/0!,0,,19050,0,0,,,,,,,,,,,,,,,,,,
,19100,,,,,#DIV/0!,0,,19100,0,0,,,,,,,,,,,LI SLD PD,LI SLD C(d),,,,,,
,19150,,,,,#DIV/0!,0,,19150,0,0,,,,,,,,,,,15000,0.032955,,,,,,
,19200,4.008,12,3.452,9,0.0745308311,0.0745308311,,19200,0.07453083,0.0020163,,,,,,,,,,,15025,0.016477,,,,,,
,19250,,,,,#DIV/0!,0,,19250,0,0,,,,,,,,,,,15050,0,,,,,,
,19300,,,,,#DIV/0!,0,,19300,0,0,,,,,,,,,,,15075,0,,,,,,
,19350,,,,,#DIV/0!,0,,19350,0,0,,,,,,,,,,,15100,0,,,,,,
,19400,3.847,8,3.611,12,0.03164387235,0.03164387235,,19400,0.03164387,0.00193476,,,,,,,,,,,15125,0,,,,,,
,19450,3.928,8,3.492,9,0.05876010782,0.05876010782,,19450,0.05876011,0.00162566,,,,,,,,,,,15150,0,,,,,,
,19500,,,,,#DIV/0!,0,,19500,0,0,,,,,,,,,,,15175,0,,,,,,
,19550,,,,,#DIV/0!,0,,19550,0,0,,,,,,,,,,,15200,0,,,,,,
,19600,,,,,#DIV/0!,0,,19600,0,0,,,,,,,,,,,15225,0.016477,,,,,,
,19650,,,,,#DIV/0!,0,,19650,0,0,,,,,,,,,,,15250,0.032955,,,,,,
,19700,,,,,#DIV/0!,0,,19700,0,0,,,,,,,,,,,15275,0.016477,,,,,,
,19750,,,,,#DIV/0!,0,,19750,0,0,,,,,,,,,,,15300,0,,,,,,
,19800,,,,,#DIV/0!,0,,19800,0,0,,,,,,,,,,,15325,0,,,,,,
,19850,3.849,12,3.611,9,0.03190348525,0.03190348525,,19850,0.03190349,0.00201175,,,,,,,,,,,15350,0,,,,,,
,19900,,,,,#DIV/0!,0,,19900,0,0,,,,,,,,,,,15375,0,,,,,,
,19950,,,,,#DIV/0!,0,,19950,0,0,,,,,,,,,,,15400,0,,,,,,
,20000,,,,,#DIV/0!,0,,20000,0,0,,,,,,,,,,,15425,0,,,,,,
,,,,,,,,,,,,,,,,,,,,,,15450,0,,,,,,
,,,,,,,,,,,,,,,,,,,,,,15475,0,,,,,,
,Intensity against Length of Air gap in lines: in further away delay line SLD,,,,,,,,,,,,,,,,,,,,,15500,0,,,,,,
,,,,,,,,,,,,,,,,,,,,,,15525,0,,,,,,
,Length of Air Gap (mm),"Intensity (volts, then can convert)",error (microvolts),,,,,,,,,,,,,,,,,,,15550,0,,,,,,
SORT ERRORS ON THIS (THEY ARE LARGER THAN QUOTED ,0,2.395,317,0.000317,,,,,,,,,,,,,,,,,,15575,0,,,,,,
,50,2.394,308,0.000308,,,,,,,,,,,,,,,,,,15600,0,,,,,,
,100,2.394,616,0.000616,,,,,,,,,,,,,,,,,,15625,0,,,,,,
,150,2.393,316,0.000316,,,,,,,,,,,,,,,,,,15650,0,,,,,,
,200,2.393,530,0.00053,,,,,,,,,,,,,,,,,,15675,0,,,,,,
,250,2.393,346,0.000346,,,,,,,,,,,,,,,,,,15700,0,,,,,,
,300,2.392,372,0.000372,,,,,,,,,,,,,,,,,,15725,0,,,,,,
,350,2.392,672,0.000672,,,,,,,,,,,,,,,,,,15750,0,,,,,,
,400,2.392,462,0.000462,,,,,,,,,,,,,,,,,,15775,0,,,,,,
,450,2.39,531,0.000531,,,,,,,,,,,,,,,,,,15800,0,,,,,,
,500,2.39,460,0.00046,,,,,,,,,,,,,,,,,,15825,0,,,,,,
,,,,,,,,,,,,,,,,,,,,,,15850,0,,,,,,
,,,,,,,,,,,,,,,,,,,,,,15875,0.027532,,,,,,
,,,,,,,,,,,,,,,,,,,,,,15900,0.055063,,,,,,
,,,,,,,,,,,,,,,,,,,,,,15925,0.027532,,,,,,
,,,,,,,,,,,,,,,,,,,,,,15950,0,,,,,,
,Doing Fabry perot laser with an amplifier in one arm,,,,,,,,,,,,,,,,,,,,,15975,0,,,,,,
,23rd Oct,,,,,,,,,,,,,,,,,,,,,16000,0,,,,,,
,Path Difference (microns),Errors,Vmax,error in V max,V min,Errror in Vmin,S(delta),,path diff (micron),fringe contrast,,,,,,,,,,,,16025,0,,,,,,
"*note this is not actually 0 path difference, will need to add the 0.005 see diagram of wirelengths on wall ",0,,6.571,384,5.02,141,0.1338107152,,0,0.1338107152,,,,,,,,,,,,16050,0,,,,,,
,100,,6.81,389,4.995,210,0.1537484117,,100,0.1537484117,,,,,,,,,,,,16075,0.021314,,,,,,
1.40 on FP laser,200,,7.021,437,4.206,243,0.2507348357,,200,0.2507348357,,,,,,,,,,,,16100,0.042627,,,,,,
100mA amplification,300,,6.601,276,4.72,146,0.1661514001,,300,0.1661514001,,,,,,,,,,,,16125,0.021314,,,,,,
,400,,6.905,443,5.047,122,0.1554551539,,400,0.1554551539,,,,,,,,,,,,16150,0,,,,,,
* add 150 to each path difference ,500,,6.711,242,4.841,273,0.1618767313,,500,0.1618767313,,,,,,,,,,,,16175,0,,,,,,
,600,,6.913,325,4.67,89,0.1936458603,,600,0.1936458603,,,,,,,,,,,,16200,0,,,,,,
,700,,7.01,238,4.665,107,0.200856531,,700,0.200856531,,,,,,,,,,,,16225,0,,,,,,
,800,,7.143,185,4.507,82,0.2262660944,,800,0.2262660944,,,,,,,,,,,,16250,0,,,,,,
,900,,7.138,274,4.369,100,0.2406361345,,900,0.2406361345,,,,,,,,,,,,16275,0,,,,,,
,1000,,7.327,281,4.378,226,0.2519436138,,1000,0.2519436138,,,,,,,,,,,,16300,0,,,,,,
,1100,,6.976,221,4.595,52,0.2057730533,,1100,0.2057730533,,,,,,,,,,,,16325,0.015952,,,,,,
,1200,,6.913,351,4.753,98,0.1851534373,,1200,0.1851534373,,,,,,,,,,,,16350,0.031903,,,,,,
,1300,,6.65,289,4.841,64,0.157427552,,1300,0.157427552,,,,,,,,,,,,16375,0.015952,,,,,,
,1400,,6.675,327,5.114,67,0.1324115701,,1400,0.1324115701,,,,,,,,,,,,16400,0,,,,,,
,1500,,6.821,361,5.339,133,0.121875,,1500,0.121875,,,,,,,,,,,,16425,0,,,,,,
,1600,,7,741.2,5.246,166,0.1432304426,,1600,0.1432304426,,,,,,,,,,,,16450,0,,,,,,
,1700,,7.194,559,5.317,177,0.1500279754,,1700,0.1500279754,,,,,,,,,,,,16475,0,,,,,,
,1800,,6.825,557,5.151,92,0.1397795591,,1800,0.1397795591,,,,,,,,,,,,16500,0,,,,,,
,1900,,7.063,501,5.083,119,0.163016631,,1900,0.163016631,,,,,,,,,,,,16525,0.015952,,,,,,
,2000,,7.151,413,5.083,119,0.1690371097,,2000,0.1690371097,,,,,,,,,,,,16550,0.031903,,,,,,
,2100,,7.131,500,5.067,150,0.1692080669,,2100,0.1692080669,,,,,,,,,,,,16575,0.015952,,,,,,
,2200,,6.932,439,5.055,248,0.1565863018,,2200,0.1565863018,,,,,,,,,,,,16600,0,,,,,,
,2300,,7.024,425,4.865,294,0.1815964337,,2300,0.1815964337,,,,,,,,,,,,16625,0,,,,,,
,2400,,6.948,302,4.774,200,0.1854632315,,2400,0.1854632315,,,,,,,,,,,,16650,0,,,,,,
,2500,,6.897,360,4.829,217,0.1763602251,,2500,0.1763602251,,,,,,,,,,,,16675,0,,,,,,
,2600,,6.865,428,4.678,127,0.1894654769,,2600,0.1894654769,,,,,,,,,,,,16700,0,,,,,,
,2700,,7.305,350,4.857,133,0.2012826838,,2700,0.2012826838,,,,,,,,,,,,16725,0.034771,,,,,,
,2800,,7.341,323,4.663,136,0.2230923026,,2800,0.2230923026,,,,,,,,,,,,16750,0.069542,,,,,,
,2900,,7.313,326,4.452,136,0.2431789205,,2900,0.2431789205,,,,,,,,,,,,16775,0.07486,,,,,,
,3000,,7.5,438,4.476,110,0.25250501,,3000,0.25250501,,,,,,,,,,,,16800,0.080178,,,,,,
,3100,,7.468,329,4.682,140,0.2293004115,,3100,0.2293004115,,,,,,,,,,,,16825,0.040089,,,,,,
,3200,,7.329,460,4.655,90,0.2231308411,,3200,0.2231308411,,,,,,,,,,,,16850,0,,,,,,
,3300,,7.194,484,4.801,108,0.1994997916,,3300,0.1994997916,,,,,,,,,,,,16875,0,,,,,,
,3400,,7.087,304,5.111,193,0.1619937695,,3400,0.1619937695,,,,,,,,,,,,16900,0,,,,,,
,3500,,7.024,567,5.254,172,0.1441602867,,3500,0.1441602867,,,,,,,,,,,,16925,0,,,,,,
,3600,,7.317,647,5.254,190,0.1641078673,,3600,0.1641078673,,,,,,,,,,,,16950,0,,,,,,
,3700,,7.409,419,5.305,153,0.1654868649,,3700,0.1654868649,,,,,,,,,,,,16975,0,,,,,,
,3800,,7.357,318,5.282,65,0.1641743809,,3800,0.1641743809,,,,,,,,,,,,17000,0,,,,,,
,3900,,7.182,337,5.254,108,0.1550337729,,3900,0.1550337729,,,,,,,,,,,,17025,0,,,,,,
,4000,,7.357,468,5,116,0.1715900948,,4000,0.1715900948,,,,,,,,,,,,17050,0,,,,,,
,4100,,7.293,472,5.083,190,0.1785714286,,4100,0.1785714286,,,,,,,,,,,,17075,0,,,,,,
,4200,,7.111,362,5.214,103.3,0.1539148073,,4200,0.1539148073,,,,,,,,,,,,17100,0,,,,,,
,4300,,7.242,559,5.083,183,0.1751724138,,4300,0.1751724138,,,,,,,,,,,,17125,0,,,,,,
,4400,,7.19,408,5,399,0.1796554553,,4400,0.1796554553,,,,,,,,,,,,17150,0,,,,,,
,4500,,6.928,346,4.944,224,0.167115903,,4500,0.167115903,,,,,,,,,,,,17175,0.021185,,,,,,
,4600,,7.012,421,4.988,225,0.1686666667,,4600,0.1686666667,,,,,,,,,,,,17200,0.042371,,,,,,
,4700,,7.377,510,5.02,195,0.1901266435,,4700,0.1901266435,,,,,,,,,,,,17225,0.021185,,,,,,
,4800,,7.413,263,4.857,155,0.2083129584,,4800,0.2083129584,,,,,,,,,,,,17250,0,,,,,,
,4900,,7.159,256,4.762,92,0.2010737354,,4900,0.2010737354,,,,,,,,,,,,17275,0,,,,,,
,5000,,7.377,408,4.528,101,0.2393112138,,5000,0.2393112138,,,,,,,,,,,,17300,0,,,,,,
,5100,,7.663,409,4.599,113.6,0.2498776709,,5100,0.2498776709,,,,,,,,,,,,17325,0,,,,,,
,5200,,7.563,298,4.73,104,0.2304563573,,5200,0.2304563573,,,,,,,,,,,,17350,0,,,,,,
,5300,,7.516,310,4.794,163,0.2211210398,,5300,0.2211210398,,,,,,,,,,,,17375,0,,,,,,
,5400,,7.385,531,4.936,119,0.1987663339,,5400,0.1987663339,,,,,,,,,,,,17400,0,,,,,,
,5500,,6.413,140,5,136,0.1238061859,,5500,0.1238061859,,,,,,,,,,,,17425,0,,,,,,
,5600,,6.837,433,5.353,293,0.1217391304,,5600,0.1217391304,,,,,,,,,,,,17450,0,,,,,,
,5700,,7.238,753,5.408,159,0.1447097897,,5700,0.1447097897,,,,,,,,,,,,17475,0,,,,,,
,5800,,6.797,188,5.444,107,0.1105301854,,5800,0.1105301854,,,,,,,,,,,,17500,0,,,,,,
,5900,,6.714,326,5.428,54,0.1059133586,,5900,0.1059133586,,,,,,,,,,,,17525,0,,,,,,
,6000,,7.575,458,5.274,101,0.1790800841,,6000,0.1790800841,,,,,,,,,,,,17550,0,,,,,,
,6100,,7.04,451,5.218,172,0.1486376244,,6100,0.1486376244,,,,,,,,,,,,17575,0,,,,,,
,6200,,6.841,507,5.147,256,0.1413079746,,6200,0.1413079746,,,,,,,,,,,,17600,0,,,,,,
,6300,,7.29,354,5.099,212,0.1768504318,,6300,0.1768504318,,,,,,,,,,,,17625,0.361662,,,,,,
,6400,,7.27,356,5.107,329,0.1747596348,,6400,0.1747596348,,,,,,,,,,,,17650,0.723324,,,,,,
,6500,,7.198,440,5.059,272,0.1745125235,,6500,0.1745125235,,,,,,,,,,,,17675,0.574397,,,,,,
,6600,,6.913,268,5.087,342,0.1521666667,,6600,0.1521666667,,,,,,,,,,,,17700,0.425469,,,,,,
,6700,,7.857,390,5.099,184,0.2128743439,,6700,0.2128743439,,,,,,,,,,,,17725,0.22647,,,,,,
,6800,,7.194,312,5.067,129,0.1734768779,,6800,0.1734768779,,,,,,,,,,,,17750,0.027471,,,,,,
,6900,,7.337,306,4.861,154,0.2029840958,,6900,0.2029840958,,,,,,,,,,,,17775,0.013736,,,,,,
,7000,,7.476,309,4.718,108,0.2261768083,,7000,0.2261768083,,,,,,,,,,,,17800,0,,,,,,
,7100,,7.924,510,4.639,70.39,0.2614821301,,7100,0.2614821301,,,,,,,,,,,,17825,0,,,,,,
,7200,,7.674,384,4.615,93.8,0.2489218,,7200,0.2489218,,,,,,,,,,,,17850,0,,,,,,
,7300,,7.571,293,4.663,99,0.2376982181,,7300,0.2376982181,,,,,,,,,,,,17875,0,,,,,,
,7400,,7.801,520,4.913,81,0.2271511719,,7400,0.2271511719,,,,,,,,,,,,17900,0,,,,,,
,7500,,7.297,363,5.147,141,0.1727740276,,7500,0.1727740276,,,,,,,,,,,,17925,0,,,,,,
,7600,,6.873,326,5.313,140,0.1280157558,,7600,0.1280157558,,,,,,,,,,,,17950,0,,,,,,
,7700,,6.897,440,5.317,197,0.1293597511,,7700,0.1293597511,,,,,,,,,,,,17975,0,,,,,,
,7800,,7.051,575,5.337,180,0.1383597029,,7800,0.1383597029,,,,,,,,,,,,18000,0,,,,,,
,7900,,7.591,463,5.353,177,0.1728986403,,7900,0.1728986403,,,,,,,,,,,,18025,0,,,,,,
,8000,,6.813,484,5.416,114.8,0.1142366506,,8000,0.1142366506,,,,,,,,,,,,18050,0,,,,,,
,8100,,7.095,615,5.301,119.6,0.1447241045,,8100,0.1447241045,,,,,,,,,,,,18075,0.02938,,,,,,
,8200,,7.484,498.7,5.087,185.7,0.1906769549,,8200,0.1906769549,,,,,,,,,,,,18100,0.05876,,,,,,
,8300,,7.151,364.1,5.314,126.4,0.1473726434,,8300,0.1473726434,,,,,,,,,,,,18125,0.02938,,,,,,
,8400,,7.083,491.2,5.218,228.6,0.1516136899,,8400,0.1516136899,,,,,,,,,,,,18150,0,,,,,,
,8500,,7.151,430.1,5.047,271.7,0.172487293,,8500,0.172487293,,,,,,,,,,,,18175,0,,,,,,
,8600,,6.897,314.2,4.96,396.8,0.163363414,,8600,0.163363414,,,,,,,,,,,,18200,0,,,,,,
,8700,,7.166,505.3,5.166,221.3,0.1621796951,,8700,0.1621796951,,,,,,,,,,,,18225,0,,,,,,
,8800,,7.127,369.3,5.012,196.5,0.1742318148,,8800,0.1742318148,,,,,,,,,,,,18250,0,,,,,,
,8900,,6.996,291.7,5.024,118.3,0.1640599002,,8900,0.1640599002,,,,,,,,,,,,18275,0,,,,,,
,9000,,6.988,183,4.706,206.2,0.1951428083,,9000,0.1951428083,,,,,,,,,,,,18300,0,,,,,,
,9100,,7.167,260.3,4.579,176.7,0.2203303252,,9100,0.2203303252,,,,,,,,,,,,18325,0,,,,,,
,9200,,7.309,285.5,4.599,119.3,0.2275780988,,9200,0.2275780988,,,,,,,,,,,,18350,0,,,,,,
,9300,,7.321,259.9,4.639,132.5,0.2242474916,,9300,0.2242474916,,,,,,,,,,,,18375,0,,,,,,
,9400,,6.98,116.6,4.703,73.27,0.1948985706,,9400,0.1948985706,,,,,,,,,,,,18400,0,,,,,,
,9500,,6.992,253.5,4.853,136.9,0.1805825243,,9500,0.1805825243,,,,,,,,,,,,18425,0,,,,,,
,9600,,6.746,194.4,4.928,105.8,0.1557306836,,9600,0.1557306836,,,,,,,,,,,,18450,0,,,,,,
,9700,,6.793,304,5.282,94.5,0.1251345756,,9700,0.1251345756,,,,,,,,,,,,18475,0,,,,,,
,9800,,7.413,520.4,5.424,148.5,0.1549427436,,9800,0.1549427436,,,,,,,,,,,,18500,0,,,,,,
,9900,,7.02,530.5,5.412,171.9,0.1293436293,,9900,0.1293436293,,,,,,,,,,,,18525,0,,,,,,
,10000,,6.889,379,5.44,124.7,0.11752778,,10000,0.11752778,,,,,,,,,,,,18550,0,,,,,,
,,,,,,,,,,,,,,,,,,,,,,18575,0.011,,,,,,
,,,,,,,,,,,,,,,,,,,,,,18600,0.022,,,,,,
,Fabry Perot with amplifiers in both arms (Amp1= 60mA and amp2 = 60 mA,,,,,,,,Fabry Perot with amplifiers in both arms (Amp1= 60mA and amp2 = 60 mA,,,,,,,,,,,,,18625,0.011,,,,,,
,25th Oct,,,,,,,,,,,,,,,,,,,,,18650,0,,,,,,
,,,,,,,,,,,,,,,,,,,,,,18675,0,,,,,,
,Path difference (m),error,Vmax,Error,Vmin,Error,Contrast,,,,,,,,,,,,,,,18700,0,,,,,,
,0,,3.966,8.871,3,12,0.1432689536,,0,0.1432689536,,,,,,,,,,,,18725,0,,,,,,
,100,,4.006,15.63,2.976,8,0.1475221999,,100,0.1475221999,,,,,,,,,,,,18750,0,,,,,,
,200,,4.004,12.21,2.988,20,0.1453089245,,200,0.1453089245,,,,,,,,,,,,18775,0,,,,,,
,300,,3.992,19.94,2.994,20,0.1428571429,,300,0.1428571429,,,,,,,,,,,,18800,0,,,,,,
,400,,3.99,20,3.02,12,0.1383737518,,400,0.1383737518,,,,,,,,,,,,18825,0,,,,,,
,500,,3.998,17,3.016,8,0.1400057029,,500,0.1400057029,,,,,,,,,,,,18850,0,,,,,,
,600,,3.99,20,3.016,18,0.139023694,,600,0.139023694,,,,,,,,,,,,18875,0,,,,,,
,700,,4,16,3.004,18,0.1422044546,,700,0.1422044546,,,,,,,,,,,,18900,0,,,,,,
,800,,3.994,19,2.996,20,0.1427753934,,800,0.1427753934,,,,,,,,,,,,18925,0.025842,,,,,,
,900,,4.012,17,2.978,9,0.147925608,,900,0.147925608,,,,,,,,,,,,18950,0.051685,,,,,,
,1000,,4.012,12,2.974,8,0.14858288,,1000,0.14858288,,,,,,,,,,,,18975,0.025842,,,,,,
,1100,,4.046,9,2.944,16,0.1576537911,,1100,0.1576537911,,,,,,,,,,,,19000,0,,,,,,
,1200,,4.046,9,2.936,9,0.1589802349,,1200,0.1589802349,,,,,,,,,,,,19025,0,,,,,,
,1300,,4.061,19,2.923,19.41,0.1629438717,,1300,0.1629438717,,,,,,,,,,,,19050,0,,,,,,
,1400,,4.073,19,2.897,19,0.168723099,,1400,0.168723099,,,,,,,,,,,,19075,0,,,,,,
,1500,,4.087,9,2.897,9,0.1703894616,,1500,0.1703894616,,,,,,,,,,,,19100,0,,,,,,
,1600,,4.087,12,2.901,12,0.1697195192,,1600,0.1697195192,,,,,,,,,,,,19125,0,,,,,,
,1700,,4.05,8,2.919,20,0.1622901421,,1700,0.1622901421,,,,,,,,,,,,19150,0,,,,,,
,1800,,4.01,9,2.936,9,0.1546213648,,1800,0.1546213648,,,,,,,,,,,,19175,0.037265,,,,,,
,1900,,3.998,33,2.944,16,0.151829444,,1900,0.151829444,,3.831,20,2.913,,,,,,,,19200,0.074531,,,,,,
,2000,,4.046,15,3.012,20,0.146500425,,2000,0.146500425,,3.865,20,2.935,,,,,,,,19225,0.037265,,,,,,
,2100,,4.048,9,3.022,14.53,0.1451202263,,2100,0.1451202263,,3.893,12,2.936,,,,,,,,19250,0,,,,,,
,2200,,4.004,12,3.012,12,0.141391106,,2200,0.141391106,,3.928,9,2.976,,,,,,,,19275,0,,,,,,
,2300,,4.006,9,3.038,20,0.1374219194,,2300,0.1374219194,,3.93,9,3.014,,,,,,,,19300,0,,,,,,
,2400,,3.994,19,3.002,19,0.1417953116,,2400,0.1417953116,,3.95,24,3.05,,,,,,,,19325,0,,,,,,
,2500,,4.016,16,3.022,15,0.1412333049,,2500,0.1412333049,,3.976,12,3.052,,,,,,,,19350,0,,,,,,
,2600,,4,24,3.016,9,0.1402508552,,2600,0.1402508552,,3.97,30,3.022,,,,,,,,19375,0.015822,,,,,,
,2700,,3.978,22,3.012,12,0.1381974249,,2700,0.1381974249,,3.97,27,3.018,,,,,,,,19400,0.031644,,,,,,
,2800,,4.012,12,3.014,9,0.1420438372,,2800,0.1420438372,,3.956,32,3.054,,,,,,,,19425,0.045202,,,,,,
,2900,,4.006,15,3.01,14,0.1419612315,,2900,0.1419612315,,4.018,18,3.03,,,,,,,,19450,0.05876,,,,,,
,3000,,4.002,15,3.016,20,0.1404958678,,3000,0.1404958678,,3.952,29,3.054,,,,,,,,19475,0.02938,,,,,,
,3100,,4.004,12,2.978,8,0.1469492982,,3100,0.1469492982,,,,,,,,,,,,19500,0,,,,,,
,3200,,4.026,20,2.966,18,0.1516018307,,3200,0.1516018307,,,,,,,,,,,,19525,0,,,,,,
,3300,,4.044,12,2.936,9,0.158739255,,3300,0.158739255,,,,,,,,,,,,19550,0,,,,,,
,3400,,4.05,16,2.933,12,0.1599599026,,3400,0.1599599026,,,,,,,,,,,,19575,0,,,,,,
,3500,,4.042,23,2.903,14.53,0.1640028798,,3500,0.1640028798,,,,,,,,,,,,19600,0,,,,,,
,3600,,4.018,21,2.897,9,0.1621113521,,3600,0.1621113521,,,,,,,,,,,,19625,0,,,,,,
,3700,,3.996,19,2.903,14,0.1584287578,,3700,0.1584287578,,,,,,,,,,,,19650,0,,,,,,
,3800,,3.988,21,2.921,19.94,0.1544362426,,3800,0.1544362426,,,,,,,,,,,,19675,0,,,,,,
,3900,,3.964,31,2.936,9,0.1489855072,,3900,0.1489855072,,,,,,,,,,,,19700,0,,,,,,
,4000,,3.94,19,2.96,20,0.1420289855,,4000,0.1420289855,,,,,,,,,,,,19725,0,,,,,,
,4100,,3.928,9,2.968,16,0.1392111369,,4100,0.1392111369,,,,,,,,,,,,19750,0,,,,,,
,4200,,3.968,13,2.974,9,0.1431864016,,4200,0.1431864016,,,,,,,,,,,,19775,0,,,,,,
,4300,,3.925,12,2.978,9,0.1371867304,,4300,0.1371867304,,,,,,,,,,,,19800,0,,,,,,
,4400,,3.895,14,2.976,9,0.1337505458,,4400,0.1337505458,,,,,,,,,,,,19825,0.015952,,,,,,
,4500,,3.928,8,3.008,16,0.1326412918,,4500,0.1326412918,,,,,,,,,,,,19850,0.031903,,,,,,
,4600,,3.982,23,3.014,9,0.1383647799,,4600,0.1383647799,,,,,,,,,,,,19875,0.015952,,,,,,
,4700,,3.956,22,3.018,9,0.1344995698,,4700,0.1344995698,,,,,,,,,,,,19900,0,,,,,,
,4800,,3.94,19,3.016,9,0.1328349626,,4800,0.1328349626,,,,,,,,,,,,19925,0,,,,,,
,4900,,3.928,13,3.018,9,0.1310106536,,4900,0.1310106536,,,,,,,,,,,,19950,0,,,,,,
,5000,,3.863,29.56,3.002,19.41,0.125418791,,5000,0.125418791,,,,,,,,,,,,19975,0,,,,,,
,5100,,3.855,14,2.972,12,0.1293393877,,5100,0.1293393877,,,,,,,,,,,,20000,0,,,,,,
,5200,,3.859,17,2.942,14,0.1348331128,,5200,0.1348331128,,,,,,,,,,,,,,,,,,,
,5300,,3.853,12,2.921,20,0.1375848834,,5300,0.1375848834,,,,,,,,,,,,,,,,,,,
,5400,,3.877,18,2.873,19,0.1487407407,,5400,0.1487407407,,,,,,,,,,,,,,,,,,,
,5500,,3.928,8,2.857,9,0.1578481945,,5500,0.1578481945,,,,,,,,,,,,,,,,,,,
,5600,,3.887,15,2.825,16,0.1582240763,,5600,0.1582240763,,,,,,,,,,,,,,,,,,,
,5700,,3.863,19,2.817,9,0.1565868263,,5700,0.1565868263,,,,,,,,,,,,,,,,,,,
,5800,,3.851,9,2.819,9,0.1547226387,,5800,0.1547226387,,,,,,,,,,,,,,,,,,,
,5900,,3.794,23,2.859,9,0.1405381031,,5900,0.1405381031,,,,,,,,,,,,,,,,,,,
,6000,,3.774,12,2.897,9,0.131464548,,6000,0.131464548,,,,,,,,,,,,,,,,,,,
,6100,,3.748,20,2.935,9,0.1216519527,,6100,0.1216519527,,,,,,,,,,,,,,,,,,,
,6200,,3.722,16,2.936,9,0.1180534695,,6200,0.1180534695,,,,,,,,,,,,,,,,,,,
,6300,,3.665,26,2.952,19,0.107752758,,6300,0.107752758,,,,,,,,,,,,,,,,,,,
,6400,,3.615,12,2.978,9,0.09661762475,,6400,0.09661762475,,,,,,,,,,,,,,,,,,,
,6500,,3.548,20,3.014,9,0.08137762877,,6500,0.08137762877,,,,,,,,,,,,,,,,,,,
,6600,,3.494,9,3.056,9,0.06687022901,,6600,0.06687022901,,,,,,,,,,,,,,,,,,,
,6700,,3.514,20,3.046,17,0.07134146341,,6700,0.07134146341,,,,,,,,,,,,,,,,,,,
,6800,,3.496,12,3.056,20,0.06715506716,,6800,0.06715506716,,,,,,,,,,,,,,,,,,,
,6900,,3.53,24,3.016,16.28,0.07852123434,,6900,0.07852123434,,,,,,,,,,,,,,,,,,,
,7000,,3.555,20,3.016,19,0.08202708872,,7000,0.08202708872,,,,,,,,,,,,,,,,,,,
,7100,,3.569,8,2.978,8,0.09027035283,,7100,0.09027035283,,,,,,,,,,,,,,,,,,,
,7200,,3.583,18,2.968,16,0.09387879713,,7200,0.09387879713,,,,,,,,,,,,,,,,,,,
,7300,,3.617,14,2.925,19,0.1057780495,,7300,0.1057780495,,,,,,,,,,,,,,,,,,,
,7400,,3.863,16,2.857,9,0.149702381,,7400,0.149702381,,,,,,,,,,,,,,,,,,,
,7500,,3.732,9,2.817,9,0.1397159872,,7500,0.1397159872,,,,,,,,,,,,,,,,,,,
,7600,,3.77,9,2.778,9,0.1514966402,,7600,0.1514966402,,,,,,,,,,,,,,,,,,,
,7700,,3.778,16,2.74,9,0.1592513041,,7700,0.1592513041,,,,,,,,,,,,,,,,,,,
,7800,,3.77,20,2.768,17,0.153257877,,7800,0.153257877,,,,,,,,,,,,,,,,,,,
,7900,,3.758,18,2.782,12,0.149235474,,7900,0.149235474,,,,,,,,,,,,,,,,,,,
,8000,,3.692,9,2.819,8.9,0.1340807864,,8000,0.1340807864,,,,,,,,,,,,,,,,,,,
,8100,,3.613,9,2.897,9,0.109984639,,8100,0.109984639,,,,,,,,,,,,,,,,,,,
,8200,,3.559,18,2.936,9,0.09591993841,,8200,0.09591993841,,,,,,,,,,,,,,,,,,,
,8300,,,,,,#DIV/0!,,8300,#DIV/0!,,,,,,,,,,,,,,,,,,,
,8400,,,,,,#DIV/0!,,8400,#DIV/0!,,,,,,,,,,,,,,,,,,,
,8500,,,,,,#DIV/0!,,8500,#DIV/0!,,,,,,,,,,,,,,,,,,,
,8600,,,,,,#DIV/0!,,8600,#DIV/0!,,,,,,,,,,,,,,,,,,,
,8700,,,,,,#DIV/0!,,8700,#DIV/0!,,,,,,,,,,,,,,,,,,,
,8800,,,,,,#DIV/0!,,8800,,,,,,,,,,,,,,,,,,,,
,8900,,,,,,#DIV/0!,,,,,,,,,,,,,,,,,,,,,,
,9000,,,,,,#DIV/0!,,,,,,,,,,,,,,,,,,,,,,
,9100,,,,,,#DIV/0!,,,,,,,,,,,,,,,,,,,,,,
,9200,,,,,,#DIV/0!,,,,,,,,,,,,,,,,,,,,,,
,9300,,,,,,#DIV/0!,,,,,,,,,,,,,,,,,,,,,,
,9400,,,,,,#DIV/0!,,,,,,,,,,,,,,,,,,,,,,
,9500,,,,,,#DIV/0!,,,,,,,,,,,,,,,,,,,,,,
,9600,,,,,,#DIV/0!,,,,,,,,,,,,,,,,,,,,,,
,9700,,,,,,#DIV/0!,,,,,,,,,,,,,,,,,,,,,,
,,,,,,,#DIV/0!,,,,,,,,,,,,,,,,,,,,,,
,,,,,,,#DIV/0!,,,,,,,,,,,,,,,,,,,,,,
,,,,,,,,,,,,,,,,,,,,,,,,,,,,,
,,,,,,,,,,,,,,,,,,,,,,,,,,,,,
,,,,,,,,,,,,,,,,,,,,,,,,,,,,,
,100ms/div,100kS,,,,,,,,,,,,,,,,,,,,,,,,,,,
,attempt to find the extra unknown path difference 'x' on amplifier,,,,,,,,,,,,,,,,,,,,,,,,,,,,
,"both arm 1 and 2 are set to same length (by icreasing arm 1 by 35mm), but arm 1 is greather than 2 by 'x'",,,,,,,,,,,,,,,,,,,,,,,,,,,,
,we increase arm 2 by little amounts to see how the interference changes,,,,,,,,,,,,,,,,,,,,,,,,,,,,
,,,,,,,,,,,,,,,,,,,,,,,,,,,,,
,measurement on arm 2 (microns),voltage max,voltage min,f.contrast,,,,,,,,,,,,,,,,,,,,,,,,,
,0,6.555,5.159,0.1191736384,,,,,,,,,,,,,,,,,,,,,,,,,
,100,7.698,5.555,0.1616992379,,,,,,,,,,,,,,,,,,,,,,,,,
,200,6.845,5.329,0.1245276819,,,,,,,,,,,,,,,,,,,,,,,,,
,300,7.02,5.143,0.1543204801,,,,,,,,,,,,,,,,,,,,,,,,,
,400,6.94,5.024,0.160147108,,,,,,,,,,,,,,,,,,,,,,,,,
,,,,,,,,,,,,,,,,,,,,,,,,,,,,,
,starting on 1cm,,,,,,,,,,,,,,,,,,,,,,,,,,,,
,0,6.619,5.174,0.1225303146,,,,,,,,,,,,,,,,,,,,,,,,,
,500,6.77,5.107,0.1400185232,,,,,,,,,,,,,,,,,,,,,,,,,
,1000,7.039,4.611,0.2084120172,,,,,,,,,,,,,,,,,,,,,,,,,
,1500,6.647,5.139,0.1279484134,,,,,,,,,,,,,,,,,,,,,,,,,
,2000,6.52,5.289,0.1042425269,,,,,,,,,,,,,,,,,,,,,,,,,
,2500,6.353,5.051,0.1141704665,,,,,,,,,,,,,,,,,,,,,,,,,
,3000,6.996,4.746,0.1916198263,,,,,,,,,,,,,,,,,,,,,,,,,
,3500,6.944,4.909,0.1716864929,,,,,,,,,,,,,,,,,,,,,,,,,
,4000,,,,,,,,,,,,,,,,,,,,,,,,,,,,
,,,,,,,,,,,,,,,,,,,,,,,,,,,,,
,,,,,,,,,,,,,,,,,,,,,,,,,,,,,
,Contrast function as a function of gain (mA) Fabry Perot laser  (tentatively 1 amplifier?),,,,,,,,,,,,,,,,,,,,,,,,,,,,
Gain (dBm),input mA,Vmax,error,Vmin,error,V_RMS,,Contrast ,,,,,,,,,,,,,,,,,,,,,
#NUM!,0,0.3216,45.12,0.2766,39.35,,,0.07522567703,,0,0.3216,,,,,,,,,,,,,,,,,,
40,10,0.3889,8.918,0.3488,9.319,0.001177,1.177,0.05435814017,,10,0.3889,,,,,,,,,,,,,,,,,,
43.01029996,20,0.3894,16.41,0.3516,5.527,0.01002,2.324,0.05101214575,,20,0.3894,,,,,,,,,,,,,,,,,,
44.77121255,30,0.4117,11.93,0.3508,6.097,0.01463,0.5593,0.07986885246,,30,0.4117,,,,,,,,,,,,,,,,,,
46.02059991,40,0.4716,12.89,0.3712,8.089,0.02767,2.19,0.1191267205,,40,0.4716,,,,,,,,,,,,,,,,,,
46.98970004,50,0.6623,16.38,0.4532,12.32,0.06374,7.437,0.1874495742,,50,0.6623,,,,,,,,,,,,,,,,,,
47.7815125,60,1.117,60.15,0.6452,56.72,0.1117,18.56,0.2677335149,,60,1.117,,,,,,,,,,,,,,,,,,
48.4509804,70,1.944,59.5,1.291,28.77,0.1835,20.08,0.2018547141,,70,1.944,,,,,,,,,,,,,,,,,,
49.03089987,80,3.54,74.68,2.438,102.6,0.3122,25.94,0.1843425895,,80,3.54,,,,,,,,,,,,,,,,,,
49.54242509,90,5.698,241.1,4.278,96.12,0.3952,0.04947,0.1423416199,,90,5.698,,,,,,,,,,,,,,,,,,
50,100,8.746,277.7,6.484,255,0.5494,47.9,0.1485226527,,100,8.746,,,,,,,,,,,,,,,,,,
50.41392685,110,saturated,,,,,,#VALUE!,,,,,,,,,,,,,,,,,,,,,
50.79181246,120,,,,,,,,,40,0.3889,,,,,,,,,,,,,,,,,,
51.13943352,130,,,,,,,,,43.01029996,0.3894,,,,,,,,,,,,,,,,,,
51.46128036,140,,,,,,,,,44.77121255,0.4117,,,,,,,,,,,,,,,,,,
51.76091259,150,,,,,,,,,46.02059991,0.4716,,,,,,,,,,,,,,,,,,
,,,,,,,,,,46.98970004,0.6623,,,,,,,,,,,,,,,,,,
,,,,,,,,,,47.7815125,1.117,,,,,,,,,,,,,,,,,,
,,,,,,,,,,48.4509804,1.944,,,,,,,,,,,,,,,,,,
,,,,,,,,,,49.03089987,3.54,,,,,,,,,,,,,,,,,,
,,,,,,,,,,49.54242509,5.698,,,,,,,,,,,,,,,,,,
,,,,,,,,,,50,8.746,,,,,,,,,,,,,,,,,,
,,,,,,,,,,50.41392685,saturated,,,,,,,,,,,,,,,,,,
,,,,,,,,,,50.79181246,,,,,,,,,,,,,,,,,,,
,,,,,,,,,,51.13943352,,,,,,,,,,,,,,,,,,,
,,,,,,,,,,51.46128036,,,,,,,,,,,,,,,,,,,
,,,,,,,,,,51.76091259,,,,,,,,,,,,,,,,,,,
,,,,,,,,,,,,,,,,,,,,,,,,,,,,,
,,,,,,,,,,,,,,,,,,,,,,,,,,,,,
,,,,,,,,,,,,,,,,,,,,,,,,,,,,,
,,,,,,,,,,,,,,,,,,,,,,,,,,,,,
,,,,,,,,,,,,,,,,,,,,,,,,,,,,,
,,,,,,,,,,,,,,,,,,,,,,,,,,,,,
,,,,,,,,,,,,,,,,,,,,,,,,,,,,,
,,,,,,,,,,,,,,,,,,,,,,,,,,,,,
,,,,,,,,,,,,,,,,,,,,,,,,,,,,,
,,,,,,,,,,,,,,,,,,,,,,,,,,,,,
,,,,,,,,,,,,,,,,,,,,,,,,,,,,,
,,,,,,,,,,,,,,,,,,,,,,,,,,,,,
,,,,,,,,,,,,,,,,,,,,,,,,,,,,,
,,,,,,,,,,,,,,,,,,,,,,,,,,,,,
,,,,,,,,,,,,,,,,,,,,,,,,,,,,,
,,,,,,,,,,,,,,,,,,,,,,,,,,,,,
,,,,,,,,,,,,,,,,,,,,,,,,,,,,,
,,,,,,,,,,,,,,,,,,,,,,,,,,,,,
,,,,,,,,,,,,,,,,,,,,,,,,,,,,,
,,,,,,,,,,,,,,,,,,,,,,,,,,,,,
,,,,,,,,,,,,,,,,,,,,,,,,,,,,,
,,,,,,,,,,,,,,,,,,,,,,,,,,,,,
,,,,,,,,,,,,,,,,,,,,,,,,,,,,,
,,,,,,,,,,,,,,,,,,,,,,,,,,,,,
,,,,,,,,,,,,,,,,,,,,,,,,,,,,,
,,,,,,,,,,,,,,,,,,,,,,,,,,,,,
,,,,,,,,,,,,,,,,,,,,,,,,,,,,,
,,,,,,,,,,,,,,,,,,,,,,,,,,,,,
,,,,,,,,,,,,,,,,,,,,,,,,,,,,,
,,,,,,,,,,,,,,,,,,,,,,,,,,,,,
,,,,,,,,,,,,,,,,,,,,,,,,,,,,,
,,,,,,,,,,,,,,,,,,,,,,,,,,,,,
,,,,,,,,,,,,,,,,,,,,,,,,,,,,,
,,,,,,,,,,,,,,,,,,,,,,,,,,,,,
,,,,,,,,,,,,,,,,,,,,,,,,,,,,,
,,,,,,,,,,,,,,,,,,,,,,,,,,,,,
,,,,,,,,,,,,,,,,,,,,,,,,,,,,,
,,,,,,,,,,,,,,,,,,,,,,,,,,,,,
,,,,,,,,,,,,,,,,,,,,,,,,,,,,,
,,,,,,,,,,,,,,,,,,,,,,,,,,,,,
,,,,,,,,,,,,,,,,,,,,,,,,,,,,,
,,,,,,,,,,,,,,,,,,,,,,,,,,,,,
,,,,,,,,,,,,,,,,,,,,,,,,,,,,,
,Investigating the signal to noise ratio ,,,"keeping the total amplitude the same, comparing the signal for different ratios of input power (laser) to amplification and comparing the noise seen ",,,,,,,,,,,,,,,,,,,,,,,,,
,,,,,,,,,,,,,,,,,,,,,,,,,,,,,
,1.4mW laser,,,,,,,,,,,,,,,,,,,,,,,,,,,,
,,,,,,,,,,,,,,,,,,,,,,,,,,,,,
,,Amplifier (mA),Peak to peak(mV),Error (µV),V(rms) (µV),Error (µV),,,,,,,,,,,,,,,,,,,,,,,
,,5,4.245,,78.1,,,,,,,,,,,,,,,,,,,,,,,,
,,10,4.483,,570.5,,,,,,,,,,,,,,,,,,,,,,,,
,,15,4.999,453,409,2.2,,,,,,,,,,,,,,,,,,,,,,,
,,20,4.205,521,707.8,2.7,,,,,,,,,,,,,,,,,,,,,,,
,,25,5.554,177,661.6,9.155,,,,,,,,,,,,,,,,,,,,,,,
,,30,4.483,466,694,13.27,,,,,,,,,,,,,,,,,,,,,,,
,,35,5.042,388,486,9.576,,,,,,,,,,,,,,,,,,,,,,,
,,40,5.991,405,501.2,18.43,,,,,,,,,,,,,,,,,,,,,,,
,,45,4.443,474,785.7,7.937,,,,,,,,,,,,,,,,,,,,,,,
,,50,5.515,479,713,,,,,,,,,,,,,,,,,,,,,,,,
,,55,,,,,,,,,,,,,,,,,,,,,,,,,,,
,,60,,,,,,,,,,,,,,,,,,,,,,,,,,,
,,65,,,,,,,,,,,,,,,,,,,,,,,,,,,
,,70,,,,,,,,,,,,,,,,,,,,,,,,,,,
,,75,,,,,,,,,,,,,,,,,,,,,,,,,,,
,,80,,,,,,,,,,,,,,,,,,,,,,,,,,,
,,85,,,,,,,,,,,,,,,,,,,,,,,,,,,
,,90,,,,,,,,,,,,,,,,,,,,,,,,,,,
,,95,,,,,,,,,,,,,,,,,,,,,,,,,,,
,,100,,,,,,,,,,,,,,,,,,,,,,,,,,,
,,105,,,,,,,,,,,,,,,,,,,,,,,,,,,
,,110,,,,,,,,,,,,,,,,,,,,,,,,,,,
,,,,,,,,,,,,,,,,,,,,,,,,,,,,,
,,,,,,,,,,,,,,,,,,,,,,,,,,,,,
,"Trying to find SLD peak again, used 600mA instead this time ",,,,,,,,,,,,,,,,,,,,,,,,,,,,
,,,,,,,,,,,,,,,,,,,,,,,,,,,,,
,,,,,,,,,,,,,,,,,,,,,,,,,,,,,
,At 1.500mm path difference ,,Measure of if Gain alters Constrast (two amplifiers),,,,,,,,,,,,,,,,,,,,,,,,,,
,(amplification reading on the amplifier),,,,,,,,,,,,,,,,,,,,,,,,,,,,
,Gain (mA),Vmax,error,Vmin,error,C,ln(V_max),,,,,,,,,,,,,,,,,,,,,,
2.302585093,10,0.02063,0,0.01413,0.3269,0.1869965478,-3.881008952,10,0.1869965478,,,,,,,,,,,,,,,,,,,,
2.995732274,20,0.04956,0.405,0.04258,0.4672,0.07575428695,-3.004571222,20,0.07575428695,,,,,,,,,,,,,,,,,,,,
3.401197382,30,0.1254,0,0.1142,0.3562,0.04674457429,-2.076246651,30,0.04674457429,,,,,,,,,,,,,,,,,,,,
3.688879454,40,0.3744,1.941,0.342,1.865,0.04522613065,-0.9824305344,40,0.04522613065,,,,,,,,,,,,,,,,,,,,
3.912023005,50,1.239,3.549,0.9214,3.549,0.147009813,0.2143046026,50,0.147009813,,,,,,,,,,,,,,,,,,,,
4.094344562,60,3.645,19.41,2.659,0,0.1564086294,1.293356365,60,0.1564086294,,,,,,,,,,,,,,,,,,,,
4.248495242,70,8.968,0,6.42,24.42,0.1655835716,2.193662686,70,0.1655835716,,,,,,,,,,,,,,,,,,,,
4.382026635,80,SATURATION,SATURATION,SATURATION,SATURATION,#VALUE!,#VALUE!,80,#VALUE!,,,,,,,,,,,,,,,,,,,,
3.713572067,41,0.4119,1.628,0.361,1.201,0.06585586751,-0.8869746775,41,0.06585586751,,,,,,,,,,,,,,,,,,,,
3.737669618,42,0.468,0.8871,0.4048,0.9811,0.07241063245,-0.7592869831,42,0.07241063245,,,,,,,,,,,,,,,,,,,,
3.761200116,43,0.5147,2.907,0.4444,0,0.07329788343,-0.6641710723,43,0.07329788343,,,,,,,,,,,,,,,,,,,,
3.784189634,44,0.5837,4.05,0.5,0,0.07723539725,-0.5383681268,44,0.07723539725,,,,,,,,,,,,,,,,,,,,
3.80666249,45,0.6579,2.442,0.5563,2.442,0.08367649481,-0.4187023349,45,0.08367649481,,,,,,,,,,,,,,,,,,,,
3.828641396,46,0.7456,1.774,0.627,0,0.08640536209,-0.2935660156,46,0.08640536209,,,,,,,,,,,,,,,,,,,,
3.850147602,47,0.8389,3.731,0.6984,0,0.09139400247,-0.1756637691,47,0.09139400247,,,,,,,,,,,,,,,,,,,,
3.871201011,48,0.9528,1.774,0.7901,4.95,0.09335016352,-0.04835026094,48,0.09335016352,,,,,,,,,,,,,,,,,,,,
3.891820298,49,1.096,3.549,0.8253,5.149,0.1408941862,0.09166718853,49,0.1408941862,,,,,,,,,,,,,,,,,,,,
2.708050201,15,0.03175,0.3731,0.02484,0.3731,0.1221063792,-3.449862554,15,0.1221063792,,,,,,,,,,,,,,,,,,,,
3.218875825,25,0.07742,0.405,0.06944,0.407,0.05433746425,-2.558510134,25,0.05433746425,,,,,,,,,,,,,,,,,,,,
3.555348061,35,0.2067,1.221,0.1883,2.025,0.04658227848,-1.576486812,35,0.04658227848,,,,,,,,,,,,,,,,,,,,
4.007333185,55,2.143,3.245,1.587,1.832,0.1490616622,0.7622067165,55,0.1490616622,,,,,,,,,,,,,,,,,,,,
4.17438727,65,5.821,38.21,4.206,0,0.1610651242,1.761472068,65,0.1610651242,,,,,,,,,,,,,,,,,,,,
4.317488114,75,SATURATION,SATURATION,SATURATION,SATURATION,#VALUE!,#VALUE!,75,#VALUE!,,,,,,,,,,,,,,,,,,,,
3.881563798,48.5,1.063,0,0.793,0,0.1454741379,0.06109509936,48.5,0.1454741379,,,,,,,,,,,,,,,,,,,,
,,,,,,,,,,,,,,,,,,,,,,,,,,,,,
,,,,,,,,,,,,,,,,,,,,,,,,,,,,,
,,,,,,,,,,,,,,,,,,,,,,,,,,,,,
,"Only one arm, no laser, just changing gain to quantify the Spontaneous emission.",,,,,,,,,,,,,,,,,,,,,,,,,,,,
dB,Gain (mA),Vrms,dbv,Vmean,error,,,,,,,,,,,,,,,,,,,,,,,,
#NUM!,0,0.0007609,-17.84098187,0.00001644,0.001124,,,,,,,,,,,,,,,,,,,,,,,,
36.98970004,5,0.0005741,2.327420627,0.001709,0.002202,,,,,,,,,,,,,,,,,,,,,,,,
40,10,0.0006972,6.238692684,0.004206,0.003566,,,,,,,,,,,,,,,,,,,,,,,,
41.76091259,15,0.0004333,9.331834792,0.008574,0.01408,,,,,,,,,,,,,,,,,,,,,,,,
43.01029996,20,,11.81557774,0.01519,0.02165,,,,,,,,,,,,,,,,,,,,,,,,
43.97940009,25,,13.95850376,0.02488,0.02995,,,,,,,,,,,,,,,,,,,,,,,,
44.77121255,30,,15.87149498,0.03865,0.04695,,,,,,,,,,,,,,,,,,,,,,,,
45.44068044,35,,17.68416088,0.05867,0.04919,,,,,,,,,,,,,,,,,,,,,,,,
46.02059991,40,,19.37166704,0.08653,0.03945,,,,,,,,,,,,,,,,,,,,,,,,
46.53212514,45,,20.95866453,0.1247,0.05323,,,,,,,,,,,,,,,,,,,,,,,,
46.98970004,50,,22.46498581,0.1764,0.04059,,,,,,,,,,,,,,,,,,,,,,,,
47.40362689,55,,23.84532615,0.2424,0.04247,,,,,,,,,,,,,,,,,,,,,,,,
47.7815125,60,,25.17327882,0.3291,0.04764,,,,,,,,,,,,,,,,,,,,,,,,
48.12913357,65,,26.28593256,0.4252,88.9,microvolts (idk the units ur using xx),,,,,,,,,,,,,,,,,,,,,,,
48.4509804,70,,27.50662646,0.5632,54.18,,,,,,,,,,,,,,,,,,,,,,,,
48.75061263,75,,28.56003454,0.7178,191.7,,,,,,,,,,,,,,,,,,,,,,,,
49.03089987,80,,29.53952883,0.8994,228.4,,,,,,,,,,,,,,,,,,,,,,,,
49.29418926,85,,30.43362278,1.105,851.3,,,,,,,,,,,,,,,,,,,,,,,,
49.54242509,90,,31.29367596,1.347,689.7,,,,,,,,,,,,,,,,,,,,,,,,
49.77723605,95,,32.10586025,1.624,758.2,,,,,,,,,,,,,,,,,,,,,,,,
50,100,,32.81941933,1.914,855.5,,,,,,,,,,,,,,,,,,,,,,,,
50.21189299,105,,33.55068206,2.265,1.123,,,,,,,,,,,,,,,,,,,,,,,,
50.41392685,110,,#NUM!,,,,,,,,,,,,,,,,,,,,,,,,,,
50.6069784,115,,#NUM!,,,,,,,,,,,,,,,,,,,,,,,,,,
50.79181246,120,,#NUM!,,,,,,,,,,,,,,,,,,,,,,,,,,
50.96910013,125,,#NUM!,,,,,,,,,,,,,,,,,,,,,,,,,,
,,,,,,,,,,,,,,,,,,,,,,,,,,,,,
,,,,,,,,,,,,,,,,,,,,,,,,,,,,,
,,,,,,,,,,,,,,,,,,,,,,,,,,,,,
,checking direct relationship between FP light source power to voltage,,,,,,,,,,,,,,,,,,,,,,,,,,,,
,,,,,,,,,,,,,,,,,,,,,,,,,,,,,
,Power (mW),DC Average,error,,,,,,,,,,,,,,,,,,,,,,,,,,
,0.05,1.739,345.7,micro,,,,,,,,,,,,,,,,,,,,,,,,,
,0.1,3.334,896.5,,,,,,,,,,,,,,,,,,,,,,,,,,
,0.15,4.757,4.652,mili,,,,,,,,,,,,,,,,,,,,,,,,,
,0.2,6.26,13.29,,,,,,,,,,,,,,,,,,,,,,,,,,
,0.25,7.854,26.28,,,,,,,,,,,,,,,,,,,,,,,,,,
,0.3,9.484,67.51,,,,,,,,,,,,,,,,,,,,,,,,,,
,0.35,10.82,51.93,,,,,,,,,,,,,,,,,,,,,,,,,,
,0.4,11.11,2.464,micro,,,,,,,,,,,,,,,,,,,,,,,,,
,0.45,SATURATED,,,,,,,,,,,,,,,,,,,,,,,,,,,
,0.5,,,,,,,,,,,,,,,,,,,,,,,,,,,,
,0.55,,,,,,,,,,,,,,,,,,,,,,,,,,,,
,0.6,,,,,,,,,,,,,,,,,,,,,,,,,,,,
,0.65,,,,,,,,,,,,,,,,,,,,,,,,,,,,
,0.7,,,,,,,,,,,,,,,,,,,,,,,,,,,,
,0.75,,,,,,,,,,,,,,,,,,,,,,,,,,,,
,0.8,,,,,,,,,,,,,,,,,,,,,,,,,,,,
,0.85,,,,,,,,,,,,,,,,,,,,,,,,,,,,
,0.9,,,,,,,,,,,,,,,,,,,,,,,,,,,,
,0.95,,,,,,,,,,,,,,,,,,,,,,,,,,,,
,1,,,,,,,,,,,,,,,,,,,,,,,,,,,,
,,,,,,,,,,,,,,,,,,,,,,,,,,,,,
,,,,,,,,,,,,,,,,,,,,,,,,,,,,,
,,,,,,28/10/2024,,,,,,,,,,,,,,,,,,,,,,,
,FP intensity over time measurements ,,,,,SLD contrast over time,,Taken at a path of 0 (further) and 17670 (closer),,,,,,,,,,,,,,,,,,,,,
1.4mW,Time,Vmrs,Error,,,Time (of day),Vmax (V),error (mV),Vmin,error,C,,,,,,,,,,,,,,,,,,
,10:20,6.689,128,,,14:55,3.565,11.84,0.1962,13.48,0.8956715942,,0,,,,,,,,,,,,,,,,
,11:13,6.696,46,,,15:00,3.511,22.78,0.2422,16.29,0.8709368006,,300,,,,,,,,,,,,,,,,
,12:37,7.172,159.3,,,15:05,3.242,93.3,0.5228,93.02,0.7222694433,,600,,,,,,,,,,,,,,,,
,,,,,,15:10,2.414,45.21,1.373,43.91,0.274887774,,900,,,,,,,,,,,,,,,,
,,,,,,15:20,2.366,20.58,1.426,37.62,0.2478902954,,1200,,,,,,,,,,,,,,,,
,,,,,15:37,15:30,2.354,52.41,1.439,64.52,0.2412338518,,1920,,,,,,,,,,,,,,,,
,,,,,,15:40,2.218,30.06,1.549,29.44,0.1775949031,,1800,,,,,,,,,,,,,,,,
,,,,,,15:50,2.223,15.56,1.555,21.85,0.1768131286,,,,,,,,,,,,,,,,,,
,,,,,,16:00,,,,,#DIV/0!,,,,,,,,,,,,,,,,,,
,,,,,,16:10,3.309,37.41,0.4563,35.26,0.7576288742,,,,,,,,,,,,,,,,,,
,,,,,,16:20,1.93,9,1.843,9,0.02305857408,,,,,,,,,,,,,,,,,,
,,,,,,16:30,1.99,21.14,1.8,28.18,0.05013192612,,,,,,,,,,,,,,,,,,
,,,,,,16:40,,,,,#DIV/0!,,,,,,,,,,,,,,,,,,
,,,,,,16:50,1.912,4.176,1.86,0,0.01378579003,,,,,,,,,,,,,,,,,,
,,,,,,17:00,,,,,#DIV/0!,,,,,,,,,,,,,,,,,,
,,,,,17:09,17:10,1.904,8.83,1.86,8.83,0.01168969182,,,,,,,,,,,,,,,,,,
,,,,,17:18,17:20,1.902,8.578,1.86,8.578,0.01116427432,,,,,,,,,,,,,,,,,,
,,,,,,17:30,,,,,#DIV/0!,,,,,,,,,,,,,,,,,,
,,,,,,,,,,,,,,,,,,,,,,,,,,,,,
,,,,,,,,,,,,,,,,,,,,,,,,,,,,,
,,,,,,,,,,,,,,,,,,,,,,,,,,,,,
,"FP Contrast over time, with path dif of 1000 initially, 1.4 on FP laser",,,,,,,,,,,,,,,,,,,,,,,,,,,,
,Time (of day),Vmax (V),error (mV),Vmin,error,C,,,,,,,,,,,,,,,,,,,,,,,
0,10:04,4.714,25.71,1.136,16.67,14:40,0.6116239316,,0,0.6116239316,,,,,,,,,,,,,,,,,,,
1260,10:25,5.161,17.07,1.091,17.01,,0.6509916827,,1260,0.6509916827,,,,,,,,,,,,,,,,,,,
2460,10:45,5.251,8.667,1.095,8.667,,0.6549007249,,2460,0.6549007249,,,,,,,,,,,,,,,,,,,
3660,11:05,5.252,8.667,1.245,38.21,,0.6167461905,,3660,0.6167461905,,,,,,,,,,,,,,,,,,,
4860,11:25,5.164,28.31,1.267,8.667,,0.6059710776,,4860,0.6059710776,,,,,,,,,,,,,,,,,,,
6060,11:45,5.1,38.21,1.297,41.72,,0.5944974207,,6060,0.5944974207,,,,,,,,,,,,,,,,,,,
7260,12:05,4.904,0,1.274,22.23,,0.5875687925,,7260,0.5875687925,,,,,,,,,,,,,,,,,,,
8460,12:25,,,,,,#DIV/0!,,8460,#DIV/0!,,,,,,,,,,,,,,,,,,,
9660,12:45,,,,,,#DIV/0!,,,,,,,,,,,,,,,,,,,,,,
10860,13:05,,,,,,#DIV/0!,,,,,,,,,,,,,,,,,,,,,,
12060,13:25,,,,,,#DIV/0!,,,,,,,,,,,,,,,,,,,,,,
,,,,,,,,,,,,,,,,,,,,,,,,,,,,,
,,,,,,,,,,,,,,,,,,,,,,,,,,,,,
,,,,,,,,,,,,,,,,,,,,,,,,,,,,,
,,,,,,,,,,,,,,,,,,,,,,,,,,,,,
,,,,,,,,,,,,,,,,,,,,,,,,,,,,,
,,,,,,,,,,,,,,,,,,,,,,,,,,,,,
,"Fabry Perot Interference without the amplifier, to quantify how much the polariser improves performance ",,,,,,,Same plot but with the polariser ,,,,,,,,,,,,,,,,,,,,,
,Without Polariser,,,,,,,With polariser,,,,,,,,,,,,,,,,,,,,,
,Path difference ,Vmax,error,Vmin,error,Contrast,,Path difference ,Vmax,error,Vmin,error,Contrast,,,,,,,,,,,,,,,,
,0,5.216,60,3.909,1.308,0.1432328767,,0,3.58,24.56,2.445,46.64,0.1883817427,,0,0.1432328767,0.1883817427,,,,,,,,,,,,
,100,5.164,89,4.298,128,0.0915239907,,100,3.53,32.15,2.525,44.2,0.1659785301,,100,0.0915239907,0.1659785301,,,,,,,,,,,,
,200,5.298,52,3.835,64.4,0.160188328,,200,3.436,32.25,2.685,56.22,0.1226923705,,200,0.160188328,0.1226923705,,,,,,,,,,,,
,300,5.316,158,3.826,157,0.1629840298,,300,3.395,42.56,2.736,68.86,0.1074865438,,300,0.1629840298,0.1074865438,,,,,,,,,,,,
,400,5.15,41,4.104,76,0.1130322023,,400,3.254,34,2.997,81.4,0.04111342185,,400,0.1130322023,0.04111342185,,,,,,,,,,,,
,500,5.131,43,4.13,21,0.1080876795,,500,3.355,71.3,2.832,109,0.0845320834,,500,0.1080876795,0.0845320834,,,,,,,,,,,,
,600,5.148,34,4.058,63,0.1184010428,,600,3.375,22,2.824,47.45,0.08888530408,,600,0.1184010428,0.08888530408,,,,,,,,,,,,
,700,5.172,30.36,4.037,58.42,0.1232489955,,700,3.456,21.36,2.79,37.13,0.1066282421,,700,0.1232489955,0.1066282421,,,,,,,,,,,,
,800,5.364,41,3.8,37.93,0.1706678306,,800,3.93,24.7,2.386,22.29,0.244458518,,800,0.1706678306,0.244458518,,,,,,,,,,,,
,900,5.767,46,3.421,38,0.2553330431,,900,4.302,36.08,2.053,8.836,0.3538945712,,900,0.2553330431,0.3538945712,,,,,,,,,,,,
,1000,5.896,43,3.278,38.82,0.2853717026,,1000,4.571,30.33,1.816,23.4,0.4313449194,,1000,0.2853717026,0.4313449194,,,,,,,,,,,,
,1100,,,,,#DIV/0!,,,,,,,,,,,,,,,,,,,,,,,
,1200,,,,,#DIV/0!,,,,,,,,,,,,,,,,,,,,,,,
,1300,,,,,#DIV/0!,,,,,,,,,,,,,,,,,,,,,,,
,1400,,,,,#DIV/0!,,,,,,,,,,,,,,,,,,,,,,,
,1500,,,,,#DIV/0!,,,,,,,,,,,,,,,,,,,,,,,
,1600,,,,,#DIV/0!,,,,,,,,,,,,,,,,,,,,,,,
,1700,,,,,,,,,,,,,,,,,,,,,,,,,,,,
,1800,,,,,,,,,,,,,,,,,,,,,,,,,,,,
,1900,,,,,,,,,,,,,,,,,,,,,,,,,,,,
,2000,,,,,,,,,,,,,,,,,,,,,,,,,,,,
,2100,,,,,,,,,,,,,,,,,,,,,,,,,,,,
,2200,,,,,,,,,,,,,,,,,,,,,,,,,,,,
,,,,,,,,,,,,,,,,,,,,,,,,,,,,,
,,,,,,,,,,,,,,,,,,,,,,,,,,,,,
,,,,,,,,,,,,,,,,,,,,,,,,,,,,,
,,,,,,,,,,,,,,,,,,,,,,,,,,,,,
,,,,,,,,,,,,,,,,,,,,,,,,,,,,,
,,,,,,,,,,,,,,,,,,,,,,,,,,,,,
,,,,,,,,,,,,,,,,,,,,,,,,,,,,,
,,,,,,,,,,,,,,,,,,,,,,,,,,,,,
,,,,,,,,,,Redo these Measurements,,,,,,,,,,,,,,,,,,,
,Retaking Contrast with and without the polariser,,,100hz and 7.3V,,,,,,,,,,,,,,,,,,,,,,,,,
,with polariser ,,,,,,,without polariser,,,,,,,,,,,,,,,,,,,,,
,Path difference ,Vmax,error,Vmin,error,Contrast,,Path difference ,Vmax,error,Vmin,error,Contrast,,,,,,,,,,,,,,,,
,0,4.645,25.55,3.092,46.5,0.2007237948,,0,6.878,41.38,4.191,52.31,0.2427500226,,0,0.2007237948,0.2427500226,,,,,,,,,,,,
,100,4.783,23.66,2.993,21.77,0.2301954733,,100,6.793,50.34,4.333,47.71,0.221103721,,100,0.2301954733,0.221103721,,,,,,,,,,,,
,200,4.991,22.23,2.999,43.41,0.2493116395,,200,6.762,43.34,4.367,37.56,0.2152035223,,200,0.2493116395,0.2152035223,,,,,,,,,,,,
,300,5.029,43.24,2.908,31.1,0.2672294318,,300,6.671,40.96,4.363,37.72,0.2091716513,,300,0.2672294318,0.2091716513,,,,,,,,,,,,
,400,5.078,37.72,2.908,18.99,0.2717255197,,400,6.739,48.31,4.414,42.77,0.2084640904,,400,0.2717255197,0.2084640904,,,,,,,,,,,,
,500,4.911,26.64,2.971,40.96,0.2461304238,,500,6.719,74.84,4.472,43.51,0.2007863462,,500,0.2461304238,0.2007863462,,,,,,,,,,,,
,600,5.117,43.34,2.751,29.19,0.3007117438,,600,7.019,47.55,4.115,28.31,0.2608227052,,600,0.3007117438,0.2608227052,,,,,,,,,,,,
,700,5.556,43.37,2.342,42.84,0.4069384654,,700,7.67,20.61,3.432,8.863,0.3817330211,,700,0.4069384654,0.3817330211,,,,,,,,,,,,
,800,5.956,31.1,1.874,8.86,0.5213282248,,800,8.187,24.93,2.99,27.26,0.4649727118,,800,0.5213282248,0.4649727118,,,,,,,,,,,,
,900,6.442,37.72,1.356,12.15,0.6522185176,,900,8.802,8.667,2.307,8.667,0.5846610856,,900,0.6522185176,0.5846610856,,,,,,,,,,,,
,1000,6.73,34.14,1.009,12.15,0.7392427962,,1000,9.062,15.04,2.041,22.23,0.6323516167,,1000,0.7392427962,0.6323516167,,,,,,,,,,,,
,1100,6.463,8.86,1.354,8.86,0.6535755405,,1100,8.715,8.667,2.393,8.667,0.569139359,,1100,0.6535755405,0.569139359,,,,,,,,,,,,
,1200,6.002,41,1.709,26.04,0.5567371288,,1200,8.198,14.86,2.913,8.667,0.4756547565,,1200,0.5567371288,0.4756547565,,,,,,,,,,,,
,1300,5.517,22.15,2.218,12.2,0.4265029089,,1300,7.681,22.23,3.403,41.26,0.3859617467,,1300,0.4265029089,0.3859617467,,,,,,,,,,,,
,1400,5.062,37.73,2.72,36.66,0.3009509124,,1400,7.176,36.66,3.913,42.52,0.2942555686,,1400,0.3009509124,0.2942555686,,,,,,,,,,,,
,1500,,,,,#DIV/0!,,1500,,,,,#DIV/0!,,1500,#DIV/0!,#DIV/0!,,,,,,,,,,,,
,1600,,,,,#DIV/0!,,1600,,,,,#DIV/0!,,1600,#DIV/0!,#DIV/0!,,,,,,,,,,,,
,1700,,,,,#DIV/0!,,1700,,,,,#DIV/0!,,1700,#DIV/0!,#DIV/0!,,,,,,,,,,,,
,1800,,,,,#DIV/0!,,1800,,,,,#DIV/0!,,1800,#DIV/0!,#DIV/0!,,,,,,,,,,,,
,1900,,,,,#DIV/0!,,1900,,,,,#DIV/0!,,1900,#DIV/0!,#DIV/0!,,,,,,,,,,,,
,2000,,,,,#DIV/0!,,2000,,,,,#DIV/0!,,2000,#DIV/0!,#DIV/0!,,,,,,,,,,,,
,,,,,,#DIV/0!,,2100,,,,,,,2100,#DIV/0!,,,,,,,,,,,,,
,,,,,,#DIV/0!,,2200,,,,,,,2200,#DIV/0!,,,,,,,,,,,,,
,,,,,,#DIV/0!,,,,,,,,,,#DIV/0!,,,,,,,,,,,,,