,,,,,,,,,,,,,,,,,,,,,,,,,,,,,
fabry,Path Difference (microns),Errors,Vmax,error in V max,V min,Errror in Vmin,,,,,,,,,,,,,,,,,,,,,,,
,0,,4.762,91.62,3.968,56.11,,,,,,,,,,,,,,,,,,,,,,,
,200,,5.234,215.6,3.615,181.2,,,,,,,,,,,,,,,,,,,,,,,
,400,,5.222,179.1,3.607,130,,,,,,,,,,,,,,,,,,,,,,,
,600,,5.032,174.4,3.611,170.6,,,,,,,,,,,,,,,,,,,,,,,
,700,,5.686,63.71,2.952,107,,,,,,,,,,,,,,,,,,,,,,,
,800,,6.155,342.2,2.369,200,,,,,,,,,,,,,,,,,,,,,,,
,900,,7.222,35.25,1.44,29.07,,,,,,,,,,,,,,,,,,,,,,,
,1000,,7.698,217.3,1.012,107.5,,,,,,,,,,,,,,,,,,,,,,,
,1100,,7.841,100.2,0.7022,85.77,,,,,,,,,,,,,,,,,,,,,,,
,1200,,7.726,39.88,0.853,46.59,,,,,,,,,,,,,,,,,,,,,,,
,1300,,7.54,217.5,1.131,232.2,,,,,,,,,,,,,,,,,,,,,,,
,1400,,6.869,78.4,1.798,72.24,,,,,,,,,,,,,,,,,,,,,,,
,1500,,6.393,116.3,2.282,106.5,,,,,,,,,,,,,,,,,,,,,,,
,1600,,6.012,177,2.666,149,,,,,,,,,,,,,,,,,,,,,,,
,1700,,5.881,128.5,3.044,151.2,,,,,,,,,,,,,,,,,,,,,,,
,1800,,5.772,167.9,3.357,124.7,,,,,,,,,,,,,,,,,,,,,,,
,1900,,5.214,236.2,3.575,226.6,,,,,,,,,,,,,,,,,,,,,,,
,2000,,4.936,281,3.817,155.1,,,,,,,,,,,,,,,,,,,,,,,
,2100,,5.206,277.6,3.948,124.2,,,,,,,,,,,,,,,,,,,,,,,
,2200,,5.492,131,3.762,86.92,,,,,,,,,,,,,,,,,,,,,,,
,2300,,5.567,260.7,3.73,163,,,,,,,,,,,,,,,,,,,,,,,
,2400,,5.686,238.7,3.567,167.2,,,,,"Fabry (fixing I2, changing I1, both started at 0,0)",,,took on 21st Mon,,,,,,,,,,,,,,,
,2500,,6.008,227.5,3.528,119.3,,,,,,,,,,,,,,,,,,,,,,,
,,,,,,,,,,,Path Difference,Vmax,Error,Vmin,Error,,,,,,Path Difference,Vmax,Error,Vmin,Error,,,,
,0,0.09095074456,,fabry,,,,,,,0,5.869,271,3.712,381,0.2251330759,,0,0.2251330759,,,,,,,,,,
,200,0.1829585264,,,,,,,,,200,5.808,221,3.853,339,0.2023600041,,200,0.2023600041,,,,,,,,,,
,400,0.182919923,,,,,,,,,400,5.737,296,4.093,250,0.1672431333,,400,0.1672431333,,400,2.73,59.82,1.873,74.61,0.1861829242,,400,0.1861829242
,600,0.1644105056,,,,,,,,,600,6.597,356,3.234,257,0.3420811718,,600,0.3420811718,,600,6.597,356,3.234,257,0.3420811718,,600,0.3420811718
,700,0.316508451,,,,,,,,,800,8.102,182,1.681,111,0.6563426352,,800,0.6563426352,,800,8.102,182,1.681,111,0.6563426352,,800,0.6563426352
,800,0.4441576725,,,,,,,,,1000,9.176,69,0.6165,34,0.8740873117,,1000,0.8740873117,,1000,9.176,69,0.6165,34,0.8740873117,,1000,0.8740873117
,900,0.6675132764,,,,,,,,,1200,8.805,73,1.071,41,0.7831105711,,1200,0.7831105711,,1200,8.805,73,1.071,41,0.7831105711,,1200,0.7831105711
,1000,0.7676234214,,,,,,,,,1400,7.358,277,2.403,170,0.5076324147,,1400,0.5076324147,,1400,7.358,277,2.403,170,0.5076324147,,1400,0.5076324147
,1100,0.8356119487,,,,,,,,,1600,6.462,439,3.809,345,0.2583000682,,1600,0.2583000682,,1600,6.462,439,3.809,345,0.2583000682,,1600,0.2583000682
,1200,0.8011423243,,,,,,,,,1800,6,327,3.69,175,0.2477831006,,1800,0.2477831006,,1800,6,327,3.69,175,0.2477831006,,1800,0.2477831006
,1300,0.7391304348,,,,,,,,,2000,5.825,71,3.92,164.5,0.195484864,,2000,0.195484864,,2000,5.825,71,3.92,164.5,0.195484864,,2000,0.195484864
,1400,0.585092881,,,,,,,,,2200,5.775,192,3.95,245,0.1876606684,,2200,0.1876606684,,2200,5.775,192,3.95,245,0.1876606684,,2200,0.1876606684
,1500,0.4738904899,,,,,,,,,2400,5.681,272,3.988,277,0.1750956666,,2400,0.1750956666,,2400,5.681,272,3.988,277,0.1750956666,,2400,0.1750956666
,1600,0.3855727126,,,,,,,,,2600,6.024,429,3.801,322,0.226259542,,2600,0.226259542,,2600,6.024,429,3.801,322,0.226259542,,2600,0.226259542
,1700,0.3178711485,,,,,,,,,2800,7.46,194,2.331,140,0.5238484322,,2800,0.5238484322,,2800,7.46,194,2.331,140,0.5238484322,,2800,0.5238484322
,1800,0.2645415708,,,,,,,,,3000,8.884,114,0.8816,54,0.8194478578,,3000,0.8194478578,,3000,8.884,114,0.8816,54,0.8194478578,,3000,0.8194478578
,1900,0.1864831039,,,,,,,,,3200,8.931,143,0.8728,35,0.8219465921,,3200,0.8219465921,,3200,8.931,143,0.8728,35,0.8219465921,,3200,0.8219465921
,2000,0.1278418828,,,,,,,,,3400,7.817,240,1.984,147,0.5951433527,,3400,0.5951433527,,3400,7.817,240,1.984,147,0.5951433527,,3400,0.5951433527
,2100,0.1374262617,,,,,,,,,3600,6.455,341,3.324,243,0.3201758871,,3600,0.3201758871,,3600,6.455,341,3.324,243,0.3201758871,,3600,0.3201758871
,2200,0.1869461854,,,,,,,,,3800,6.329,227,3.581,201,0.2772956609,,3800,0.2772956609,,3800,6.329,227,3.581,201,0.2772956609,,3800,0.2772956609
,2300,0.1975906206,,,,,,,,,4000,5.942,150,3.77,164,0.2236408567,,4000,0.2236408567,,4000,5.942,150,3.77,164,0.2236408567,,4000,0.2236408567
,2400,0.2290068086,,,,,,,,,4200,6.032,144,3.78,254,0.2295148797,,4200,0.2295148797,,4200,6.032,144,3.78,254,0.2295148797,,4200,0.2295148797
,2500,0.2600671141,,,,,,,,,4400,5.567,135,4.217,85,0.1379803761,,4400,0.1379803761,,4400,5.567,135,4.217,85,0.1379803761,,4400,0.1379803761
,,,,,,,,,,,4600,5.582,481,4.14,290,0.1483233902,,4600,0.1483233902,,4600,5.582,481,4.14,290,0.1483233902,,4600,0.1483233902
,,,,,,,,,,,4800,6.694,254,2.788,150,0.4119384096,,4800,0.4119384096,,4800,6.694,254,2.788,150,0.4119384096,,4800,0.4119384096
,,,,,,,,,,,5000,8.651,110,1.265,45,0.7448567971,,5000,0.7448567971,,5000,8.651,110,1.265,45,0.7448567971,,5000,0.7448567971
,,,,,,,,,,,5200,8.986,84,0.7229,25.66,0.8510850869,,5200,0.8510850869,,5200,8.986,84,0.7229,25.66,0.8510850869,,5200,0.8510850869
,,,,,,,,,,,5400,8.055,94,1.714,55,0.6490940731,,5400,0.6490940731,,,,,,,,,,
,,,,,,,,,,,5600,6.597,316,3.145,268,0.3543420242,,5600,0.3543420242,,,,,,,,,,
,,,,,,,,,,,5800,6.051,333,3.71,250,0.2398319844,,5800,0.2398319844,,,,,,,,,,
,,,,,,,,,,,6000,6.171,219,3.591,145,0.2642901045,,6000,0.2642901045,,,,,,,,,,
,,,,,,,,,,,6200,5.853,118,3.789,264,0.2140634723,,6200,0.2140634723,,,,,,,,,,
,,,,,,,,,,,6400,5.694,169,3.998,258,0.1749896822,,6400,0.1749896822,,,,,,,,,,
,,,,,,,,,,,6600,5.526,212,4.226,179,0.1333059885,,6600,0.1333059885,,,,,,,,,,
,,,,,,,,,,,6800,6.428,294,2.936,207,0.3729175566,,6800,0.3729175566,,,,,,,,,,
,sld,,,,,,,,,,7000,7.926,161,1.984,70,0.5995963673,,7000,0.5995963673,,,,,,,,,,
,,,,,,,,,,,7200,8.973,137,0.7687,48,0.8421836025,,7200,0.8421836025,,,,,,,,,,
,,,,,,,,,,,7400,8.469,107,1.265,19,0.7400862955,,7400,0.7400862955,,,,,,,,,,
,Path Difference (microns),Errors,Vmax,error in V max,V min,Errror in Vmin,S(delta),,,,7600,7.154,376,2.653,278,0.4589578872,,7600,0.4589578872,,,,,,,,,,
,17000,,3.123,27.61,2.976,18.65,0.02410231185,,,,7800,6.071,306,3.641,256,0.2502059308,,7800,0.2502059308,,,,,,,,,,
,17050,,3.101,14.53,2.982,14.52,0.01956271577,,,,8000,6.243,171,3.492,50,0.2825885978,,8000,0.2825885978,,,,,,,,,,
,17100,,3.095,16,2.988,18.65,0.01759000493,,,,8200,5.794,170,3.809,95,0.2067062376,,8200,0.2067062376,,,,,,,,,,
,17150,,3.135,0,2.944,14.53,0.03141964139,,,,8400,5.674,225,3.998,278,0.1732837055,,8400,0.1732837055,,,,,,,,,,
,17200,,3.135,0,2.936,0,0.03277878438,,,,8600,5.535,118,3.998,133,0.1612294136,,8600,0.1612294136,,,,,,,,,,
,17250,,3.123,17.63,2.976,0,0.02410231185,,,,8800,5.992,347,3.7,287,0.2364836979,,8800,0.2364836979,,,,,,,,,,
,17300,,3.135,12.21,2.981,12.21,0.02517985612,,,,9000,7.381,137,2.279,119,0.5281573499,,9000,0.5281573499,,,,,,,,,,
,17350,,3.095,0,3.016,14.28,0.01292750777,,,,9200,8.646,77,1.036,44,0.7859946292,,9200,0.7859946292,,,,,,,,,,
,17400,,3.202,19.41,2.897,0,0.05000819807,,,,9400,8.661,123,1.032,41,0.7870628288,,9400,0.7870628288,,,,,,,,,,
,17450,,3.119,19.41,2.976,0,0.02346185398,,,,9600,7.579,84,2.163,101,0.5559433381,,9600,0.5559433381,,,,,,,,,,
,17500,,3.099,12.21,2.992,18.65,0.01756690199,,,,9800,6.331,291,3.36,272,0.3065731091,,,,,,,,,,,,,
,17550,,3.095,0,3.002,19.41,0.01525340331,,,,10000,6.26,116,3.393,118,0.2970061121,,,,,,,,,,,,,
,17600,,3.282,21.66,2.807,16.28,0.07800952537,,,,10200,,,,,#DIV/0!,,,,,,,,,,,,,
,17630,,4.794,121.5,1.184,99.29,0.6038808966,,,,10400,,,,,#DIV/0!,,,,,,,,,,,,,
,17640,,5.543,35.42,0.4682,59.13,0.844224115,,,,10600,,,,,,,,,,,,,,,,,,
,17650,,5.738,40.7,0.2579,32.58,0.9139745493,,,,10800,,,,,,,,,,LI FP PD,LI FP C(d),,,,,,,
,17660,,5.547,0,0.554,0,0.8183904278,,,,11000,,,,,,,,,,0,0.2251331,,,,,,,
,17670,,4.794,54.61,1.27,0,0.5811345646,,,,,,,,,,,,,,100,0.2137465,,,,,,,
,17700,,3.329,0,2.698,14.2,0.1046955368,,,,,,,,,,,,,,200,0.20236,,,,,,,
,17750,,3.095,0,2.948,20.07,0.02432566606,,,,,,,,,,,,,,300,0.1848016,,,,,,,
,17800,,3.095,0,3.004,32.56,0.01492047877,,,,,,,,,,,,,,400,0.1672431,,,,,,,
,17850,,3.095,0,2.964,37.31,0.02162072949,,,,,,,,,,,,,,500,0.2546622,,,,,,,
,17900,,3.095,0,2.936,0,0.0263637871,,,,,,,,,,,,,,600,0.3420812,,,,,,,
,17950,,3.095,0,3,29.07,0.01558654635,,,,,,,,,,,,,,700,0.4992119,,,,,,,
,18000,,3.095,0,2.936,0,0.0263637871,,,,,,,,,,,,,,800,0.6563426,,,,,,,
,18050,,3.175,0,2.857,0,0.05271883289,,,,,,,,,,,,,,900,0.765215,,,,,,,
,18100,,3.095,0,2.94,17.74,0.02568351284,,,,,,,,,,,,,,1000,0.8740873,,,,,,,
,18150,,3.095,0,2.948,29.07,0.02432566606,,,,,,,,,,,,,,1100,0.8285989,,,,,,,
,18200,,3.095,0,2.936,11.2,0.0263637871,,,,,,,,,,,,,,1200,0.7831106,,,,,,,
,,,,,,,,,,,,,,,,,,,,,1300,0.6453715,,,,,,,
,,,,,,,,,,,,,,,,,,,,,1400,0.5076324,,,,,,,
,0,0.02410231185,,,,,,,,,,,,,,,,,,,1500,0.3829662,,,,,,,
,50,0.01956271577,,,,,,,,,,,,,,,,,,,1600,0.2583001,,,,,,,
,100,0.01759000493,,,,,,,,,,,,,,,,,,,1700,0.2530416,,,,,,,
,150,0.03141964139,,,,,,,,,,,,,,,,,,,1800,0.2477831,,,,,,,
,200,0.03277878438,,,,,,,,,,,,,,,,,,,1900,0.221634,,,,,,,
,250,0.02410231185,,,,,,,,,,,,,,,,,,,2000,0.1954849,,,,,,,
,300,0.02517985612,,,,,,,,,,,,,,,,,,,2100,0.1915728,,,,,,,
,350,0.01292750777,,,,,,,,,,,,,,,,,,,2200,0.1876607,,,,,,,
,400,0.05000819807,,,,,,,,,,,,,,,,,,,2300,0.1813782,,,,,,,
,450,0.02346185398,,,,,,,,,,,,,,,,,,,2400,0.1750957,,,,,,,
,500,0.01756690199,,,,,,,,,,,,,,,,,,,2500,0.2006776,,,,,,,
,550,0.01525340331,,,,,,,,,,,,,,,,,,,2600,0.2262595,,,,,,,
,600,0.07800952537,,,,,,,,,,,,,,,,,,,2700,0.375054,,,,,,,
,630,0.6038808966,,,,,,,,,,,,,,,,,,,2800,0.5238484,,,,,,,
,640,0.844224115,,,,,,,,,,,,,,,,,,,2900,0.6716481,,,,,,,
,650,0.9139745493,,,,,,,,,,,,,,,,,,,3000,0.8194479,,,,,,,
,660,0.8183904278,,,,,,,,,,,,,,,,,,,3100,0.8206972,,,,,,,
,670,0.5811345646,,,,,,,,,,,,,,,,,,,3200,0.8219466,,,,,,,
,700,0.1046955368,,,,,,,,,,,,,,,,,,,3300,0.708545,,,,,,,
,750,0.02432566606,,,,,,,,,,,,,,,,,,,3400,0.5951434,,,,,,,
,800,0.01492047877,,,,,,,,,,,,,,,,,,,3500,0.4576596,,,,,,,
,850,0.02162072949,,,,,,,,,,,,,,,,,,,3600,0.3201759,,,,,,,
,900,0.0263637871,,,,,,,,,,,,,,,,,,,3700,0.2987358,,,,,,,
,950,0.01558654635,,,,,,,,,,,,,,,,,,,3800,0.2772957,,,,,,,
,1000,0.0263637871,,,,,,,,,,,,,,,,,,,3900,0.2504683,,,,,,,
,1050,0.05271883289,,,,,,,,,,,,,,,,,,,4000,0.2236409,,,,,,,
,1100,0.02568351284,,,,,,,,,,,,,,,,,,,4100,0.2265779,,,,,,,
,1150,0.02432566606,,,,,,,,,,,,,,,,,,,4200,0.2295149,,,,,,,
,1200,0.0263637871,,,,,,,,,,,,,,,,,,,4300,0.1837476,,,,,,,
,,,,,,,,,,,,,,,,,,,,,4400,0.1379804,,,,,,,
,,,,,,,,,,,,,,,,,,,,,4500,0.1431519,,,,,,,
,"40mV minimum, when both lights are blocked",,,,,,,,,,,,,,,,,,,,4600,0.1483234,,,,,,,
,3.28V,for I_1 (the one above),,,,,,,,,,,,,,,,,,,4700,0.2801309,,,,,,,
,1.60V,for I_2 (the one below),,,,,,,,,,,,,,,,,,,4800,0.4119384,,,,,,,
SLD (took on 22nd Oct),,,,,,,,,,,,,,,,,,,,,4900,0.5783976,,,,,,,
,Path Difference (microns),Vmax,error in V max,V min,Errror in Vmin,C(âˆ‚),,,,,,,,,,,,,,,5000,0.7448568,,,,,,,
,15000,3.73,0,3.492,0,0.03295486015,0.03295486015,,,,,,,,,,,,,,5100,0.7979709,,,,,,,
,15050,0,,,,#DIV/0!,0,,,,,,,,,,,,,,5200,0.8510851,,,,,,,
,15100,0,,,,#DIV/0!,0,,,,,,,,,,,,,,5300,0.7500896,,,,,,,
,15150,0,,,,#DIV/0!,0,,,,,,,,,,,,,,5400,0.6490941,,,,,,,
,15200,0,,,,#DIV/0!,0,,,,,,,,,,,,,,5500,0.501718,,,,,,,
,15250,3.73,12.21,3.492,0,0.03295486015,0.03295486015,,,,,,,,,,,,,,5600,0.354342,,,,,,,
,15300,,,,,#DIV/0!,0,,,,,,,,,,,,,,5700,0.297087,,,,,,,
,15350,,,,,#DIV/0!,0,,,,,,,,,,,,,,5800,0.239832,,,,,,,
,15400,,,,,#DIV/0!,0,,,,,,,,,,,,,,5900,0.252061,,,,,,,
,15450,,,,,#DIV/0!,0,,,,,,,,,,,,,,6000,0.2642901,,,,,,,
,15500,,,,,#DIV/0!,0,,,,,,,,,,,,,,6100,0.2391768,,,,,,,
,15550,,,,,#DIV/0!,0,,,,,,,,,,,,,,6200,0.2140635,,,,,,,
,15600,,,,,#DIV/0!,0,,,,,,,,,,,,,,6300,0.1945266,,,,,,,
,15650,,,,,#DIV/0!,0,,,,,,,,,,,,,,6400,0.1749897,,,,,,,
,15700,,,,,#DIV/0!,0,,,,,,,,,,,,,,6500,0.1541478,,,,,,,
,15750,,,,,#DIV/0!,0,,,,,,,,,,,,,,6600,0.133306,,,,,,,
,15800,,,,,#DIV/0!,0,,,,,,,,,,,,,,6700,0.2531118,,,,,,,
,15850,,,,,#DIV/0!,0,,,,,,,,,,,,,,6800,0.3729176,,,,,,,
,15900,3.928,19,3.518,9,0.05506312114,0.05506312114,,,,,,,,,,,,,,6900,0.486257,,,,,,,
,15950,,,,,#DIV/0!,0,,,,,,,,,,,,,,7000,0.5995964,,,,,,,
,16000,,,,,#DIV/0!,0,,,,,,,,,,,,,,7100,0.72089,,,,,,,
,16050,,,,,#DIV/0!,0,,,,,,,,,,,,,,7200,0.8421836,,,,,,,
,16100,3.889,8,3.571,0,0.04262734584,0.04262734584,,,,,,,,,,,,,,7300,0.7911349,,,,,,,
,16150,,,,,#DIV/0!,0,,,,,,,,,,,,,,7400,0.7400863,,,,,,,
,16200,,,,,#DIV/0!,0,,,,,,,,,,,,,,7500,0.5995221,,,,,,,
,16250,,,,,#DIV/0!,0,,,,,,,,,,,,,,7600,0.4589579,,,,,,,
,16300,,,,,#DIV/0!,0,,,,,,,,,,,,,,7700,0.3545819,,,,,,,
,16350,3.849,8,3.611,9,0.03190348525,0.03190348525,,,,,,,,,,,,,,7800,0.2502059,,,,,,,
,16400,,,,,#DIV/0!,0,,,,,,,,,,,,,,7900,0.2663973,,,,,,,
,16450,,,,,#DIV/0!,0,,,,,,,,,,,,,,8000,0.2825886,,,,,,,
,16500,,,,,#DIV/0!,0,,,,,,,,,,,,,,8100,0.2446474,,,,,,,
,16550,3.849,8,3.611,9,0.03190348525,0.03190348525,,,,,,,,,,,,,,8200,0.2067062,,,,,,,
,16600,,,,,#DIV/0!,0,,,,,,,,,,,,,,8300,0.189995,,,,,,,
,16650,,,,,#DIV/0!,0,,,,,,,,,,,,,,8400,0.1732837,,,,,,,
,16700,,,,,#DIV/0!,0,,,,,,,,,,,,,,8500,0.1672566,,,,,,,
,16750,3.968,0,3.452,0,0.06954177898,0.06954177898,,,,,,,,,,,,,,8600,0.1612294,,,,,,,
,16800,4.008,20,3.413,20,0.0801778736,0.0801778736,,,,,,,,,,,,,,8700,0.1988566,,,,,,,
,16850,,,,,#DIV/0!,0,,,,,,,,,,,,,,8800,0.2364837,,,,,,,
,16900,,,,,#DIV/0!,0,,,,,,,,,,,,,,8900,0.3823205,,,,,,,
,16950,,,,,#DIV/0!,0,,,,,,,,,,,,,,9000,0.5281573,,,,,,,
,17000,,,,,#DIV/0!,0,,,,,,,,,,,,,,9100,0.657076,,,,,,,
,17050,,,,,#DIV/0!,0,,,,,,,,,,,,,,9200,0.7859946,,,,,,,
,17100,,,,,#DIV/0!,0,,,,,,,,,,,,,,9300,0.7865287,,,,,,,
,17150,,,,,#DIV/0!,0,,,,,,,,,,,,,,9400,0.7870628,,,,,,,
,17200,3.887,8,3.571,8,0.04237060874,0.04237060874,,,,,,,,,,,,,,9500,0.6715031,,,,,,,
,17250,,,,,#DIV/0!,0,,,,,,,,,,,,,,9600,0.5559433,,,,,,,
,17300,,,,,#DIV/0!,0,,,,,,,,,,,,,,9700,0.4312582,,,,,,,
,17350,,,,,#DIV/0!,0,,,,,,,,,,,,,,9800,0.3065731,,,,,,,
,17400,,,,,#DIV/0!,0,,,,,,,,,,,,,,9900,0.3017896,,,,,,,
,17450,,,,,#DIV/0!,0,,,,,,,,,,,,,,10000,0.2970061,,,,,,,
,17500,,,,,#DIV/0!,0,,,,,,,,,,,,,,,,,,,,,,
,17550,,,,,#DIV/0!,0,,,,,,,,,,,,,,,,,,,,,,
,17600,,,,,#DIV/0!,0,,,,,,,,,,,,,,,,,,,,,,
,17650,6.428,29,1.032,29,0.7233243968,0.7233243968,,,,,,,,,,,,,,,,,,,,,,
,17700,5.317,32,2.143,37,0.4254691689,0.4254691689,,,,,,,,,,,,,,,,,,,,,,
,17750,3.815,20,3.611,18,0.02747104767,0.02747104767,,,,,,,,,,,,,,,,,,,,,,
,17800,,,,,#DIV/0!,0,,,,,,,,,,,,,,,,,,,,,,
,17850,,,,,#DIV/0!,0,,,,,,,,,,,,,,,,,,,,,,
,17900,,,,,#DIV/0!,0,,,,,,,,,,,,,,,,,,,,,,
,17950,,,,,#DIV/0!,0,,,,,,,,,,,,,,,,,,,,,,
,18000,,,,,#DIV/0!,0,,,,,,,,,,,,,,,,,,,,,,
,18050,,,,,#DIV/0!,0,,,,,,,,,,,,,,,,,,,,,,
,18100,3.928,8,3.492,9,0.05876010782,0.05876010782,,,,,,,,,,,,,,,,,,,,,,
,18150,,,,,#DIV/0!,0,,,,,,,,,,,,,,,,,,,,,,
,18200,,,,,#DIV/0!,0,,,,,,,,,,,,,,,,,,,,,,
,18250,,,,,#DIV/0!,0,,,,,,,,,,,,,,,,,,,,,,
,18300,,,,,#DIV/0!,0,,,,,,,,,,,,,,,,,,,,,,
,18350,,,,,#DIV/0!,0,,,,,,,,,,,,,,,,,,,,,,
,18400,,,,,#DIV/0!,0,,,,,,,,,,,,,,,,,,,,,,
,18450,,,,,#DIV/0!,0,,,,,,,,,,,,,,,,,,,,,,
,18500,,,,,#DIV/0!,0,,,,,,,,,,,,,,,,,,,,,,
,18550,,,,,#DIV/0!,0,,,,,,,,,,,,,,,,,,,,,,
,18600,3.786,19,3.623,20,0.02200026994,0.02200026994,,,,,,,,,,,,,,,,,,,,,,
,18650,,,,,#DIV/0!,0,,,,,,,,,,,,,,,,,,,,,,
,18700,,,,,#DIV/0!,0,,,,,,,,,,,,,,,,,,,,,,
,18750,,,,,#DIV/0!,0,,,,,,,,,,,,,,,,,,,,,,
,18800,,,,,#DIV/0!,0,,,,,,,,,,,,,,,,,,,,,,
,18850,,,,,#DIV/0!,0,,,,,,,,,,,,,,,,,,,,,,
,18900,,,,,#DIV/0!,0,,,,,,,,,,,,,,,,,,,,,,
,18950,3.917,20,3.532,12,0.0516847899,0.0516847899,,,,,,,,,,,,,,,,,,,,,,
,19000,,,,,#DIV/0!,0,,,,,,,,,,,,,,,,,,,,,,
,19050,,,,,#DIV/0!,0,,,,,,,,,,,,,,,,,,,,,,
,19100,,,,,#DIV/0!,0,,,,,,,,,,,,,,,LI SLD PD,LI SLD C(d),,,,,,
,19150,,,,,#DIV/0!,0,,,,,,,,,,,,,,,15000,0.032955,,,,,,
,19200,4.008,12,3.452,9,0.0745308311,0.0745308311,,,,,,,,,,,,,,,15025,0.016477,,,,,,
,19250,,,,,#DIV/0!,0,,,,,,,,,,,,,,,15050,0,,,,,,
,19300,,,,,#DIV/0!,0,,,,,,,,,,,,,,,15075,0,,,,,,
,19350,,,,,#DIV/0!,0,,,,,,,,,,,,,,,15100,0,,,,,,
,19400,3.847,8,3.611,12,0.03164387235,0.03164387235,,,,,,,,,,,,,,,15125,0,,,,,,
,19450,3.928,8,3.492,9,0.05876010782,0.05876010782,,,,,,,,,,,,,,,15150,0,,,,,,
,19500,,,,,#DIV/0!,0,,,,,,,,,,,,,,,15175,0,,,,,,
,19550,,,,,#DIV/0!,0,,,,,,,,,,,,,,,15200,0,,,,,,
,19600,,,,,#DIV/0!,0,,,,,,,,,,,,,,,15225,0.016477,,,,,,
,19650,,,,,#DIV/0!,0,,,,,,,,,,,,,,,15250,0.032955,,,,,,
,19700,,,,,#DIV/0!,0,,,,,,,,,,,,,,,15275,0.016477,,,,,,
,19750,,,,,#DIV/0!,0,,,,,,,,,,,,,,,15300,0,,,,,,
,19800,,,,,#DIV/0!,0,,,,,,,,,,,,,,,15325,0,,,,,,
,19850,3.849,12,3.611,9,0.03190348525,0.03190348525,,,,,,,,,,,,,,,15350,0,,,,,,
,19900,,,,,#DIV/0!,0,,,,,,,,,,,,,,,15375,0,,,,,,
,19950,,,,,#DIV/0!,0,,,,,,,,,,,,,,,15400,0,,,,,,
,20000,,,,,#DIV/0!,0,,,,,,,,,,,,,,,15425,0,,,,,,
,,,,,,,,,,,,,,,,,,,,,,15450,0,,,,,,
,,,,,,,,,,,,,,,,,,,,,,15475,0,,,,,,
,Intensity against Length of Air gap in lines: in further away delay line SLD,,,,,,,,,,,,,,,,,,,,,15500,0,,,,,,
,,,,,,,,,,,,,,,,,,,,,,15525,0,,,,,,
,Length of Air Gap (mm),"Intensity (volts, then can convert)",error (microvolts),,,,,,,,,,,,,,,,,,,15550,0,,,,,,
,0,2.395,317,0.000317,,,,,,,,,,,,,,,,,,15575,0,,,,,,
,50,2.394,308,0.000308,,,,,,,,,,,,,,,,,,15600,0,,,,,,
,100,2.394,616,0.000616,,,,,,,,,,,,,,,,,,15625,0,,,,,,
,150,2.393,316,0.000316,,,,,,,,,,,,,,,,,,15650,0,,,,,,
,200,2.393,530,0.00053,,,,,,,,,,,,,,,,,,15675,0,,,,,,
,250,2.393,346,0.000346,,,,,,,,,,,,,,,,,,15700,0,,,,,,
,300,2.392,372,0.000372,,,,,,,,,,,,,,,,,,15725,0,,,,,,
,350,2.392,672,0.000672,,,,,,,,,,,,,,,,,,15750,0,,,,,,
,400,2.392,462,0.000462,,,,,,,,,,,,,,,,,,15775,0,,,,,,
,450,2.39,531,0.000531,,,,,,,,,,,,,,,,,,15800,0,,,,,,
,500,2.39,460,0.00046,,,,,,,,,,,,,,,,,,15825,0,,,,,,
,,,,,,,,,,,,,,,,,,,,,,15850,0,,,,,,
,,,,,,,,,,,,,,,,,,,,,,15875,0.027532,,,,,,
,,,,,,,,,,,,,,,,,,,,,,15900,0.055063,,,,,,
,,,,,,,,,,,,,,,,,,,,,,15925,0.027532,,,,,,
,,,,,,,,,,,,,,,,,,,,,,15950,0,,,,,,
,Doing Fabry perot laser with an amplifier in one arm,,,,,,,,,,,,,,,,,,,,,15975,0,,,,,,
,23rd Oct,,,,,,,,,,,,,,,,,,,,,16000,0,,,,,,
,Path Difference (microns),Errors,Vmax,error in V max,V min,Errror in Vmin,S(delta),,path diff (micron),fringe contrast,,,,,,,,,,,,16025,0,,,,,,
"*note this is not actually 0 path difference, will need to add the 0.005 see diagram of wirelengths on wall ",0,,6.571,384,5.02,141,0.1338107152,,0,0.1338107152,,,,,,,,,,,,16050,0,,,,,,
,100,,6.81,389,4.995,210,0.1537484117,,100,0.1537484117,,,,,,,,,,,,16075,0.021314,,,,,,
1.40 on FP laser,200,,7.021,437,4.206,243,0.2507348357,,200,0.2507348357,,,,,,,,,,,,16100,0.042627,,,,,,
100mA amplification,300,,6.601,276,4.72,146,0.1661514001,,300,0.1661514001,,,,,,,,,,,,16125,0.021314,,,,,,
,400,,6.905,443,5.047,122,0.1554551539,,400,0.1554551539,,,,,,,,,,,,16150,0,,,,,,
,500,,6.711,242,4.841,273,0.1618767313,,500,0.1618767313,,,,,,,,,,,,16175,0,,,,,,
,600,,6.913,325,4.67,89,0.1936458603,,600,0.1936458603,,,,,,,,,,,,16200,0,,,,,,
,700,,7.01,238,4.665,107,0.200856531,,700,0.200856531,,,,,,,,,,,,16225,0,,,,,,
,800,,7.143,185,4.507,82,0.2262660944,,800,0.2262660944,,,,,,,,,,,,16250,0,,,,,,
,900,,7.138,274,4.369,100,0.2406361345,,900,0.2406361345,,,,,,,,,,,,16275,0,,,,,,
,1000,,7.327,281,4.378,226,0.2519436138,,1000,0.2519436138,,,,,,,,,,,,16300,0,,,,,,
,1100,,6.976,221,4.595,52,0.2057730533,,1100,0.2057730533,,,,,,,,,,,,16325,0.015952,,,,,,
,1200,,6.913,351,4.753,98,0.1851534373,,1200,0.1851534373,,,,,,,,,,,,16350,0.031903,,,,,,
,1300,,6.65,289,4.841,64,0.157427552,,1300,0.157427552,,,,,,,,,,,,16375,0.015952,,,,,,
,1400,,6.675,327,5.114,67,0.1324115701,,1400,0.1324115701,,,,,,,,,,,,16400,0,,,,,,
,1500,,6.821,361,5.339,133,0.121875,,1500,0.121875,,,,,,,,,,,,16425,0,,,,,,
,1600,,7,741.2,5.246,166,0.1432304426,,1600,0.1432304426,,,,,,,,,,,,16450,0,,,,,,
,1700,,7.194,559,5.317,177,0.1500279754,,1700,0.1500279754,,,,,,,,,,,,16475,0,,,,,,
,1800,,6.825,557,5.151,92,0.1397795591,,1800,0.1397795591,,,,,,,,,,,,16500,0,,,,,,
,1900,,7.063,501,5.083,119,0.163016631,,1900,0.163016631,,,,,,,,,,,,16525,0.015952,,,,,,
,2000,,7.151,413,5.083,119,0.1690371097,,2000,0.1690371097,,,,,,,,,,,,16550,0.031903,,,,,,
,2100,,7.131,500,5.067,150,0.1692080669,,2100,0.1692080669,,,,,,,,,,,,16575,0.015952,,,,,,
,2200,,6.932,439,5.055,248,0.1565863018,,2200,0.1565863018,,,,,,,,,,,,16600,0,,,,,,
,2300,,7.024,425,4.865,294,0.1815964337,,2300,0.1815964337,,,,,,,,,,,,16625,0,,,,,,
,2400,,6.948,302,4.774,200,0.1854632315,,2400,0.1854632315,,,,,,,,,,,,16650,0,,,,,,
,2500,,6.897,360,4.829,217,0.1763602251,,2500,0.1763602251,,,,,,,,,,,,16675,0,,,,,,
,2600,,6.865,428,4.678,127,0.1894654769,,2600,0.1894654769,,,,,,,,,,,,16700,0,,,,,,
,2700,,7.305,350,4.857,133,0.2012826838,,2700,0.2012826838,,,,,,,,,,,,16725,0.034771,,,,,,
,2800,,7.341,323,4.663,136,0.2230923026,,2800,0.2230923026,,,,,,,,,,,,16750,0.069542,,,,,,
,2900,,7.313,326,4.452,136,0.2431789205,,2900,0.2431789205,,,,,,,,,,,,16775,0.07486,,,,,,
,3000,,7.5,438,4.476,110,0.25250501,,3000,0.25250501,,,,,,,,,,,,16800,0.080178,,,,,,
,3100,,7.468,329,4.682,140,0.2293004115,,3100,0.2293004115,,,,,,,,,,,,16825,0.040089,,,,,,
,3200,,7.329,460,4.655,90,0.2231308411,,3200,0.2231308411,,,,,,,,,,,,16850,0,,,,,,
,3300,,7.194,484,4.801,108,0.1994997916,,3300,0.1994997916,,,,,,,,,,,,16875,0,,,,,,
,3400,,7.087,304,5.111,193,0.1619937695,,3400,0.1619937695,,,,,,,,,,,,16900,0,,,,,,
,3500,,7.024,567,5.254,172,0.1441602867,,3500,0.1441602867,,,,,,,,,,,,16925,0,,,,,,
,3600,,7.317,647,5.254,190,0.1641078673,,3600,0.1641078673,,,,,,,,,,,,16950,0,,,,,,
,3700,,7.409,419,5.305,153,0.1654868649,,3700,0.1654868649,,,,,,,,,,,,16975,0,,,,,,
,3800,,7.357,318,5.282,65,0.1641743809,,3800,0.1641743809,,,,,,,,,,,,17000,0,,,,,,
,3900,,7.182,337,5.254,108,0.1550337729,,3900,0.1550337729,,,,,,,,,,,,17025,0,,,,,,
,4000,,7.357,468,5,116,0.1715900948,,4000,0.1715900948,,,,,,,,,,,,17050,0,,,,,,
,4100,,7.293,472,5.083,190,0.1785714286,,4100,0.1785714286,,,,,,,,,,,,17075,0,,,,,,
,4200,,7.111,362,5.214,103.3,0.1539148073,,4200,0.1539148073,,,,,,,,,,,,17100,0,,,,,,
,4300,,7.242,559,5.083,183,0.1751724138,,4300,0.1751724138,,,,,,,,,,,,17125,0,,,,,,
,4400,,7.19,408,5,399,0.1796554553,,4400,0.1796554553,,,,,,,,,,,,17150,0,,,,,,
,4500,,6.928,346,4.944,224,0.167115903,,4500,0.167115903,,,,,,,,,,,,17175,0.021185,,,,,,
,4600,,7.012,421,4.988,225,0.1686666667,,4600,0.1686666667,,,,,,,,,,,,17200,0.042371,,,,,,
,4700,,7.377,510,5.02,195,0.1901266435,,4700,0.1901266435,,,,,,,,,,,,17225,0.021185,,,,,,
,4800,,7.413,263,4.857,155,0.2083129584,,4800,0.2083129584,,,,,,,,,,,,17250,0,,,,,,
,4900,,7.159,256,4.762,92,0.2010737354,,4900,0.2010737354,,,,,,,,,,,,17275,0,,,,,,
,5000,,7.377,408,4.528,101,0.2393112138,,5000,0.2393112138,,,,,,,,,,,,17300,0,,,,,,
,5100,,7.663,409,4.599,113.6,0.2498776709,,5100,0.2498776709,,,,,,,,,,,,17325,0,,,,,,
,5200,,7.563,298,4.73,104,0.2304563573,,5200,0.2304563573,,,,,,,,,,,,17350,0,,,,,,
,5300,,7.516,310,4.794,163,0.2211210398,,5300,0.2211210398,,,,,,,,,,,,17375,0,,,,,,
,5400,,7.385,531,4.936,119,0.1987663339,,5400,0.1987663339,,,,,,,,,,,,17400,0,,,,,,
,5500,,6.413,140,5,136,0.1238061859,,5500,0.1238061859,,,,,,,,,,,,17425,0,,,,,,
,5600,,6.837,433,5.353,293,0.1217391304,,5600,0.1217391304,,,,,,,,,,,,17450,0,,,,,,
,5700,,7.238,753,5.408,159,0.1447097897,,5700,0.1447097897,,,,,,,,,,,,17475,0,,,,,,
,5800,,6.797,188,5.444,107,0.1105301854,,5800,0.1105301854,,,,,,,,,,,,17500,0,,,,,,
,5900,,6.714,326,5.428,54,0.1059133586,,5900,0.1059133586,,,,,,,,,,,,17525,0,,,,,,
,6000,,7.575,458,5.274,101,0.1790800841,,6000,0.1790800841,,,,,,,,,,,,17550,0,,,,,,
,6100,,7.04,451,5.218,172,0.1486376244,,6100,0.1486376244,,,,,,,,,,,,17575,0,,,,,,
,6200,,6.841,507,5.147,256,0.1413079746,,6200,0.1413079746,,,,,,,,,,,,17600,0,,,,,,
,6300,,7.29,354,5.099,212,0.1768504318,,6300,0.1768504318,,,,,,,,,,,,17625,0.361662,,,,,,
,6400,,7.27,356,5.107,329,0.1747596348,,6400,0.1747596348,,,,,,,,,,,,17650,0.723324,,,,,,
,6500,,7.198,440,5.059,272,0.1745125235,,6500,0.1745125235,,,,,,,,,,,,17675,0.574397,,,,,,
,6600,,6.913,268,5.087,342,0.1521666667,,6600,0.1521666667,,,,,,,,,,,,17700,0.425469,,,,,,
,6700,,7.857,390,5.099,184,0.2128743439,,6700,0.2128743439,,,,,,,,,,,,17725,0.22647,,,,,,
,6800,,7.194,312,5.067,129,0.1734768779,,6800,0.1734768779,,,,,,,,,,,,17750,0.027471,,,,,,
,6900,,7.337,306,4.861,154,0.2029840958,,6900,0.2029840958,,,,,,,,,,,,17775,0.013736,,,,,,
,7000,,7.476,309,4.718,108,0.2261768083,,7000,0.2261768083,,,,,,,,,,,,17800,0,,,,,,
,7100,,7.924,510,4.639,70.39,0.2614821301,,7100,0.2614821301,,,,,,,,,,,,17825,0,,,,,,
,7200,,7.674,384,4.615,93.8,0.2489218,,7200,0.2489218,,,,,,,,,,,,17850,0,,,,,,
,7300,,,,,,#DIV/0!,,7300,#DIV/0!,,,,,,,,,,,,17875,0,,,,,,
,7400,,,,,,#DIV/0!,,7400,#DIV/0!,,,,,,,,,,,,17900,0,,,,,,
,7500,,,,,,#DIV/0!,,7500,#DIV/0!,,,,,,,,,,,,17925,0,,,,,,
,7600,,,,,,#DIV/0!,,7600,#DIV/0!,,,,,,,,,,,,17950,0,,,,,,
,7700,,,,,,#DIV/0!,,7700,#DIV/0!,,,,,,,,,,,,17975,0,,,,,,
,7800,,,,,,#DIV/0!,,7800,#DIV/0!,,,,,,,,,,,,18000,0,,,,,,
,7900,,,,,,#DIV/0!,,7900,#DIV/0!,,,,,,,,,,,,18025,0,,,,,,
,8000,,,,,,#DIV/0!,,8000,#DIV/0!,,,,,,,,,,,,18050,0,,,,,,
,8100,,,,,,#DIV/0!,,8100,#DIV/0!,,,,,,,,,,,,18075,0.02938,,,,,,
,8200,,,,,,#DIV/0!,,8200,#DIV/0!,,,,,,,,,,,,18100,0.05876,,,,,,
,8300,,,,,,#DIV/0!,,8300,#DIV/0!,,,,,,,,,,,,18125,0.02938,,,,,,
,8400,,,,,,#DIV/0!,,8400,#DIV/0!,,,,,,,,,,,,18150,0,,,,,,
,8500,,,,,,#DIV/0!,,8500,#DIV/0!,,,,,,,,,,,,18175,0,,,,,,
,8600,,,,,,#DIV/0!,,8600,#DIV/0!,,,,,,,,,,,,18200,0,,,,,,
,8700,,,,,,#DIV/0!,,8700,#DIV/0!,,,,,,,,,,,,18225,0,,,,,,
,8800,,,,,,#DIV/0!,,8800,#DIV/0!,,,,,,,,,,,,18250,0,,,,,,
,8900,,,,,,#DIV/0!,,8900,#DIV/0!,,,,,,,,,,,,18275,0,,,,,,
,9000,,,,,,#DIV/0!,,9000,#DIV/0!,,,,,,,,,,,,18300,0,,,,,,
,9100,,,,,,#DIV/0!,,9100,#DIV/0!,,,,,,,,,,,,18325,0,,,,,,
,9200,,,,,,#DIV/0!,,9200,#DIV/0!,,,,,,,,,,,,18350,0,,,,,,
,9300,,,,,,#DIV/0!,,9300,#DIV/0!,,,,,,,,,,,,18375,0,,,,,,
,9400,,,,,,#DIV/0!,,9400,#DIV/0!,,,,,,,,,,,,18400,0,,,,,,
,9500,,,,,,#DIV/0!,,9500,#DIV/0!,,,,,,,,,,,,18425,0,,,,,,
,9600,,,,,,#DIV/0!,,9600,#DIV/0!,,,,,,,,,,,,18450,0,,,,,,
,9700,,,,,,#DIV/0!,,9700,#DIV/0!,,,,,,,,,,,,18475,0,,,,,,
,9800,,,,,,#DIV/0!,,9800,#DIV/0!,,,,,,,,,,,,18500,0,,,,,,
,9900,,,,,,#DIV/0!,,9900,#DIV/0!,,,,,,,,,,,,18525,0,,,,,,
,10000,,,,,,#DIV/0!,,10000,#DIV/0!,,,,,,,,,,,,18550,0,,,,,,
,,,,,,,,,,,,,,,,,,,,,,18575,0.011,,,,,,
,,,,,,,,,,,,,,,,,,,,,,18600,0.022,,,,,,
,,,,,,,,,,,,,,,,,,,,,,18625,0.011,,,,,,
,,,,,,,,,,,,,,,,,,,,,,18650,0,,,,,,
,,,,,,,,,,,,,,,,,,,,,,18675,0,,,,,,
,,,,,,,,,,,,,,,,,,,,,,18700,0,,,,,,
,,,,,,,,,,,,,,,,,,,,,,18725,0,,,,,,
,,,,,,,,,,,,,,,,,,,,,,18750,0,,,,,,
,,,,,,,,,,,,,,,,,,,,,,18775,0,,,,,,
,,,,,,,,,,,,,,,,,,,,,,18800,0,,,,,,
,,,,,,,,,,,,,,,,,,,,,,18825,0,,,,,,
,,,,,,,,,,,,,,,,,,,,,,18850,0,,,,,,
,,,,,,,,,,,,,,,,,,,,,,18875,0,,,,,,
,,,,,,,,,,,,,,,,,,,,,,18900,0,,,,,,
,,,,,,,,,,,,,,,,,,,,,,18925,0.025842,,,,,,
,,,,,,,,,,,,,,,,,,,,,,18950,0.051685,,,,,,
,,,,,,,,,,,,,,,,,,,,,,18975,0.025842,,,,,,
,,,,,,,,,,,,,,,,,,,,,,19000,0,,,,,,
,,,,,,,,,,,,,,,,,,,,,,19025,0,,,,,,
,,,,,,,,,,,,,,,,,,,,,,19050,0,,,,,,
,,,,,,,,,,,,,,,,,,,,,,19075,0,,,,,,
,,,,,,,,,,,,,,,,,,,,,,19100,0,,,,,,
,,,,,,,,,,,,,,,,,,,,,,19125,0,,,,,,
,,,,,,,,,,,,,,,,,,,,,,19150,0,,,,,,
,,,,,,,,,,,,,,,,,,,,,,19175,0.037265,,,,,,
,,,,,,,,,,,,,,,,,,,,,,19200,0.074531,,,,,,
,,,,,,,,,,,,,,,,,,,,,,19225,0.037265,,,,,,
,,,,,,,,,,,,,,,,,,,,,,19250,0,,,,,,
,,,,,,,,,,,,,,,,,,,,,,19275,0,,,,,,
,,,,,,,,,,,,,,,,,,,,,,19300,0,,,,,,
,,,,,,,,,,,,,,,,,,,,,,19325,0,,,,,,
,,,,,,,,,,,,,,,,,,,,,,19350,0,,,,,,
,,,,,,,,,,,,,,,,,,,,,,19375,0.015822,,,,,,
,,,,,,,,,,,,,,,,,,,,,,19400,0.031644,,,,,,
,,,,,,,,,,,,,,,,,,,,,,19425,0.045202,,,,,,
,,,,,,,,,,,,,,,,,,,,,,19450,0.05876,,,,,,
,,,,,,,,,,,,,,,,,,,,,,19475,0.02938,,,,,,
,,,,,,,,,,,,,,,,,,,,,,19500,0,,,,,,
,,,,,,,,,,,,,,,,,,,,,,19525,0,,,,,,
,,,,,,,,,,,,,,,,,,,,,,19550,0,,,,,,
,,,,,,,,,,,,,,,,,,,,,,19575,0,,,,,,
,,,,,,,,,,,,,,,,,,,,,,19600,0,,,,,,
,,,,,,,,,,,,,,,,,,,,,,19625,0,,,,,,
,,,,,,,,,,,,,,,,,,,,,,19650,0,,,,,,
,,,,,,,,,,,,,,,,,,,,,,19675,0,,,,,,
,,,,,,,,,,,,,,,,,,,,,,19700,0,,,,,,
,,,,,,,,,,,,,,,,,,,,,,19725,0,,,,,,
,,,,,,,,,,,,,,,,,,,,,,19750,0,,,,,,
,,,,,,,,,,,,,,,,,,,,,,19775,0,,,,,,
,,,,,,,,,,,,,,,,,,,,,,19800,0,,,,,,
,,,,,,,,,,,,,,,,,,,,,,19825,0.015952,,,,,,
,,,,,,,,,,,,,,,,,,,,,,19850,0.031903,,,,,,
,,,,,,,,,,,,,,,,,,,,,,19875,0.015952,,,,,,
,,,,,,,,,,,,,,,,,,,,,,19900,0,,,,,,
,,,,,,,,,,,,,,,,,,,,,,19925,0,,,,,,
,,,,,,,,,,,,,,,,,,,,,,19950,0,,,,,,
,,,,,,,,,,,,,,,,,,,,,,19975,0,,,,,,
,,,,,,,,,,,,,,,,,,,,,,20000,0,,,,,,